asset_id,asset_name,asset_type,purchase_date,purchase_cost,location_id
1,Projector #1,Office Chair,2024-08-07,4656.83,4
2,Desk #2,Vehicle,2023-10-25,317.12,19
3,Security Camera #3,Office Chair,2021-03-01,3004.67,81
4,Laptop #4,Vehicle,2021-07-27,1353.12,39
5,Desk #5,Server,2021-11-16,3140.87,91
6,Security Camera #6,Desk,2021-06-26,3946.89,78
7,Office Chair #7,Server,2021-06-16,4970.2,55
8,Desk #8,Desk,2023-05-22,1979.58,21
9,Office Chair #9,Server,2024-03-11,4907.04,60
10,Vehicle #10,Office Chair,2023-07-12,3049.05,63
11,Office Chair #11,Laptop,2024-06-29,3738.76,6
12,Laptop #12,Security Camera,2024-04-15,4349.49,55
13,Desk #13,Projector,2023-10-07,1128.71,41
14,Office Chair #14,Server,2024-03-21,3670.73,62
15,Laptop #15,Office Chair,2025-07-09,2341.34,73
16,Projector #16,Server,2025-04-19,4642.54,33
17,Projector #17,Projector,2023-03-01,4967.58,96
18,Security Camera #18,Laptop,2022-02-13,1561.58,72
19,Security Camera #19,Security Camera,2023-08-13,1992.79,14
20,Desk #20,Server,2025-02-20,1408.14,22
21,Server #21,Office Chair,2022-08-20,4082.99,5
22,Server #22,Vehicle,2025-06-17,3144.33,47
23,Vehicle #23,Desk,2024-02-07,3872.96,58
24,Laptop #24,Laptop,2021-10-15,3117.22,77
25,Vehicle #25,Vehicle,2021-03-14,1481.5,78
26,Office Chair #26,Vehicle,2025-04-27,717.88,69
27,Desk #27,Projector,2022-10-08,3483.14,30
28,Security Camera #28,Security Camera,2022-10-20,4538.6,69
29,Office Chair #29,Server,2022-06-19,4802.86,36
30,Projector #30,Laptop,2022-01-28,4833.13,61
31,Vehicle #31,Server,2022-02-20,3611.09,43
32,Server #32,Laptop,2022-06-12,4104.92,28
33,Security Camera #33,Vehicle,2024-09-20,4427.18,88
34,Office Chair #34,Laptop,2023-10-27,97.3,37
35,Server #35,Vehicle,2023-04-15,2289.85,22
36,Vehicle #36,Server,2022-11-09,1366.38,9
37,Office Chair #37,Desk,2023-01-22,3967.28,84
38,Projector #38,Security Camera,2021-05-18,907.81,72
39,Desk #39,Projector,2021-02-16,3732.76,94
40,Desk #40,Desk,2022-06-12,3100.17,61
41,Security Camera #41,Security Camera,2024-10-21,2266.94,33
42,Projector #42,Vehicle,2021-11-11,4492.02,90
43,Desk #43,Projector,2024-06-23,1906.18,95
44,Office Chair #44,Desk,2025-10-27,2184.87,8
45,Projector #45,Laptop,2024-12-04,317.24,42
46,Office Chair #46,Desk,2021-03-23,2701.51,61
47,Server #47,Laptop,2025-10-07,3105.05,63
48,Server #48,Laptop,2022-01-23,1658.67,8
49,Server #49,Office Chair,2021-08-03,1678.45,70
50,Office Chair #50,Office Chair,2024-01-06,4328.32,2
51,Projector #51,Server,2024-09-08,887.34,76
52,Projector #52,Projector,2021-09-30,3380.94,1
53,Desk #53,Vehicle,2025-03-05,4168.87,54
54,Server #54,Laptop,2021-08-20,1064.79,18
55,Laptop #55,Projector,2024-01-27,4945.77,63
56,Security Camera #56,Server,2022-08-25,2530.0,60
57,Laptop #57,Office Chair,2021-03-07,3443.84,97
58,Laptop #58,Office Chair,2024-01-26,3707.21,91
59,Office Chair #59,Security Camera,2022-04-26,1529.69,8
60,Security Camera #60,Server,2024-10-26,3924.23,29
61,Projector #61,Security Camera,2021-09-09,743.61,16
62,Office Chair #62,Vehicle,2024-03-13,2102.3,85
63,Security Camera #63,Vehicle,2023-10-04,2609.12,68
64,Vehicle #64,Server,2023-10-20,1959.47,51
65,Desk #65,Server,2021-03-09,702.75,42
66,Desk #66,Desk,2025-04-11,4965.35,63
67,Laptop #67,Server,2023-10-20,869.9,73
68,Projector #68,Laptop,2022-02-11,945.98,1
69,Vehicle #69,Office Chair,2024-09-03,4536.49,85
70,Projector #70,Laptop,2024-10-29,2365.32,81
71,Vehicle #71,Office Chair,2023-08-11,680.03,90
72,Server #72,Office Chair,2025-10-16,4274.73,49
73,Laptop #73,Laptop,2022-08-02,2203.73,74
74,Server #74,Office Chair,2022-04-25,189.82,64
75,Server #75,Desk,2021-03-18,1722.76,63
76,Office Chair #76,Vehicle,2024-12-09,4467.08,45
77,Vehicle #77,Desk,2025-03-05,4128.46,77
78,Security Camera #78,Laptop,2021-05-22,721.24,69
79,Laptop #79,Server,2024-02-08,3321.57,1
80,Security Camera #80,Office Chair,2023-12-09,2711.95,4
81,Server #81,Server,2024-04-27,4748.67,56
82,Projector #82,Server,2023-08-26,3009.05,92
83,Desk #83,Server,2024-05-28,2330.38,30
84,Desk #84,Office Chair,2024-04-19,1075.44,1
85,Vehicle #85,Desk,2024-03-22,4539.03,88
86,Server #86,Vehicle,2025-02-07,2220.68,93
87,Security Camera #87,Vehicle,2021-09-01,3205.83,85
88,Laptop #88,Server,2023-12-03,3070.13,32
89,Vehicle #89,Office Chair,2024-06-14,3600.93,29
90,Vehicle #90,Laptop,2022-06-23,1694.15,63
91,Server #91,Projector,2023-08-07,4960.01,29
92,Security Camera #92,Vehicle,2021-12-19,4796.78,18
93,Projector #93,Security Camera,2023-12-28,2240.35,77
94,Desk #94,Security Camera,2023-06-15,3602.33,41
95,Server #95,Server,2022-08-29,3437.21,20
96,Projector #96,Vehicle,2024-05-19,4523.06,75
97,Desk #97,Projector,2024-05-14,4348.27,73
98,Desk #98,Office Chair,2023-06-21,4922.98,46
99,Laptop #99,Server,2021-10-04,2711.66,36
100,Projector #100,Laptop,2025-12-06,949.2,40
101,Desk #101,Security Camera,2022-02-23,2580.63,35
102,Security Camera #102,Projector,2021-09-01,1200.21,13
103,Server #103,Projector,2023-08-18,504.2,73
104,Server #104,Security Camera,2025-10-06,1187.54,93
105,Security Camera #105,Security Camera,2023-01-20,3959.75,89
106,Vehicle #106,Projector,2021-10-17,2916.5,91
107,Office Chair #107,Desk,2025-12-19,70.04,26
108,Projector #108,Desk,2022-09-13,3963.94,43
109,Office Chair #109,Office Chair,2024-07-24,4687.14,2
110,Office Chair #110,Vehicle,2022-05-18,2859.79,66
111,Office Chair #111,Office Chair,2025-08-24,2869.44,33
112,Server #112,Projector,2024-08-06,4526.86,40
113,Projector #113,Security Camera,2025-10-04,4243.4,70
114,Laptop #114,Server,2021-08-03,3789.76,47
115,Security Camera #115,Laptop,2022-08-07,1246.21,14
116,Security Camera #116,Desk,2025-10-04,1127.43,1
117,Laptop #117,Laptop,2021-10-07,933.28,48
118,Laptop #118,Desk,2025-07-29,2698.08,38
119,Desk #119,Desk,2025-11-16,2182.68,36
120,Vehicle #120,Security Camera,2024-09-01,2810.59,91
121,Server #121,Server,2024-10-16,3081.83,48
122,Desk #122,Office Chair,2022-06-16,4701.11,41
123,Desk #123,Office Chair,2025-03-15,3614.29,7
124,Laptop #124,Projector,2025-07-02,4476.92,75
125,Vehicle #125,Server,2021-09-22,4834.4,67
126,Projector #126,Office Chair,2022-12-06,2637.28,45
127,Projector #127,Projector,2024-10-10,2329.58,67
128,Vehicle #128,Desk,2021-09-24,3255.69,6
129,Office Chair #129,Projector,2021-02-17,2888.91,95
130,Desk #130,Vehicle,2025-01-17,4428.66,12
131,Laptop #131,Desk,2022-09-07,2432.77,73
132,Vehicle #132,Office Chair,2025-12-07,2490.69,94
133,Server #133,Laptop,2022-05-21,2739.05,35
134,Server #134,Security Camera,2023-11-24,1487.62,33
135,Office Chair #135,Server,2024-03-10,2041.24,43
136,Projector #136,Desk,2023-06-19,2221.72,61
137,Office Chair #137,Laptop,2024-05-20,632.91,56
138,Projector #138,Laptop,2022-11-03,1921.44,8
139,Laptop #139,Server,2023-01-26,1906.46,19
140,Security Camera #140,Office Chair,2024-04-24,3637.98,50
141,Office Chair #141,Projector,2023-01-13,4985.31,4
142,Laptop #142,Projector,2021-03-31,2333.18,94
143,Desk #143,Desk,2025-08-24,2674.69,93
144,Laptop #144,Projector,2021-01-13,1808.1,26
145,Laptop #145,Desk,2022-11-23,4574.31,30
146,Server #146,Laptop,2025-10-26,2683.83,96
147,Vehicle #147,Security Camera,2024-04-12,2249.15,87
148,Vehicle #148,Desk,2025-12-24,4970.56,98
149,Laptop #149,Server,2024-08-22,3554.1,38
150,Server #150,Projector,2025-05-02,1604.53,33
151,Server #151,Vehicle,2022-09-06,1137.54,100
152,Server #152,Desk,2022-07-23,1347.35,54
153,Vehicle #153,Laptop,2023-02-25,4167.34,4
154,Office Chair #154,Security Camera,2025-09-01,4071.05,50
155,Vehicle #155,Office Chair,2023-04-21,3325.78,65
156,Vehicle #156,Security Camera,2025-11-30,4098.59,26
157,Office Chair #157,Desk,2025-09-03,3494.64,93
158,Laptop #158,Projector,2025-04-02,3551.1,49
159,Office Chair #159,Laptop,2022-12-08,2018.58,4
160,Desk #160,Vehicle,2022-07-02,3304.59,13
161,Laptop #161,Desk,2023-07-16,4249.65,12
162,Server #162,Server,2025-11-05,831.71,28
163,Desk #163,Office Chair,2023-08-20,770.75,10
164,Laptop #164,Projector,2022-10-28,3521.95,48
165,Security Camera #165,Projector,2024-02-04,2266.78,83
166,Office Chair #166,Security Camera,2021-09-06,3642.49,9
167,Desk #167,Vehicle,2022-06-02,2231.24,22
168,Server #168,Desk,2022-05-08,4393.44,44
169,Vehicle #169,Vehicle,2021-01-06,981.55,51
170,Office Chair #170,Desk,2025-08-08,2868.03,26
171,Desk #171,Server,2022-10-04,1775.72,52
172,Server #172,Laptop,2025-02-28,527.23,10
173,Laptop #173,Server,2025-12-28,108.97,78
174,Desk #174,Projector,2023-06-03,4287.83,15
175,Vehicle #175,Desk,2021-11-01,3529.8,16
176,Laptop #176,Vehicle,2021-11-15,2648.55,90
177,Desk #177,Server,2025-07-07,4859.66,22
178,Security Camera #178,Vehicle,2023-01-09,550.95,53
179,Desk #179,Projector,2025-07-13,3328.12,57
180,Laptop #180,Desk,2025-06-20,1627.56,89
181,Server #181,Office Chair,2021-12-25,4357.12,18
182,Projector #182,Security Camera,2024-08-27,3661.12,61
183,Server #183,Vehicle,2021-06-15,224.43,43
184,Desk #184,Laptop,2022-07-05,118.81,46
185,Server #185,Vehicle,2022-03-28,4152.94,89
186,Projector #186,Server,2024-06-12,240.81,7
187,Projector #187,Laptop,2022-03-04,1457.87,54
188,Projector #188,Security Camera,2022-03-21,4398.63,39
189,Server #189,Projector,2021-08-07,4176.54,93
190,Office Chair #190,Projector,2024-07-26,950.81,50
191,Projector #191,Server,2022-12-05,1899.88,94
192,Laptop #192,Vehicle,2021-09-13,1889.97,10
193,Vehicle #193,Laptop,2022-07-02,2031.58,21
194,Projector #194,Laptop,2024-07-04,3512.7,12
195,Security Camera #195,Vehicle,2023-08-26,324.37,6
196,Laptop #196,Desk,2025-12-18,4916.9,5
197,Server #197,Laptop,2023-07-28,2663.45,97
198,Projector #198,Office Chair,2021-03-11,1113.89,100
199,Laptop #199,Desk,2025-04-01,4410.6,65
200,Desk #200,Laptop,2025-06-24,1304.65,84
201,Projector #201,Office Chair,2022-03-26,3285.81,65
202,Desk #202,Vehicle,2024-01-31,2146.41,49
203,Laptop #203,Server,2024-03-30,598.26,56
204,Desk #204,Security Camera,2023-01-14,3591.36,38
205,Security Camera #205,Vehicle,2024-04-10,2356.3,60
206,Projector #206,Server,2022-09-19,3007.89,56
207,Laptop #207,Laptop,2021-11-02,2618.88,43
208,Server #208,Server,2022-06-10,2451.81,42
209,Desk #209,Server,2023-09-15,1918.7,70
210,Desk #210,Server,2021-05-05,978.33,32
211,Projector #211,Server,2024-06-28,1567.76,56
212,Server #212,Projector,2021-10-18,2603.48,93
213,Laptop #213,Security Camera,2024-10-19,506.21,36
214,Laptop #214,Projector,2021-11-23,2675.99,29
215,Vehicle #215,Projector,2024-06-03,2390.31,21
216,Server #216,Security Camera,2023-09-08,4378.31,78
217,Vehicle #217,Projector,2022-07-13,1640.52,9
218,Laptop #218,Office Chair,2024-02-24,653.89,70
219,Office Chair #219,Desk,2023-08-04,2835.78,20
220,Vehicle #220,Office Chair,2025-10-16,3544.99,99
221,Laptop #221,Server,2025-11-02,4912.29,83
222,Vehicle #222,Desk,2025-08-24,4667.15,56
223,Office Chair #223,Server,2023-04-05,4506.78,5
224,Laptop #224,Laptop,2023-02-08,2330.13,26
225,Server #225,Vehicle,2022-01-17,1493.31,28
226,Office Chair #226,Vehicle,2022-12-03,3216.05,18
227,Laptop #227,Security Camera,2025-10-10,1265.99,20
228,Projector #228,Vehicle,2023-05-15,944.26,10
229,Projector #229,Security Camera,2022-12-14,517.49,87
230,Office Chair #230,Desk,2021-09-02,1764.54,42
231,Security Camera #231,Desk,2024-09-30,196.1,12
232,Vehicle #232,Laptop,2025-10-27,819.0,53
233,Desk #233,Server,2022-12-20,2903.03,7
234,Projector #234,Security Camera,2024-12-21,1237.66,92
235,Projector #235,Laptop,2023-12-13,2322.05,75
236,Projector #236,Projector,2024-04-02,4713.09,29
237,Office Chair #237,Vehicle,2024-03-03,1562.88,96
238,Server #238,Projector,2022-06-26,3290.74,75
239,Laptop #239,Server,2022-05-03,1677.89,80
240,Server #240,Server,2021-02-16,2019.23,3
241,Projector #241,Server,2021-02-05,444.73,78
242,Security Camera #242,Office Chair,2021-09-18,1511.1,16
243,Projector #243,Laptop,2023-05-25,1059.68,18
244,Desk #244,Vehicle,2021-01-27,3888.76,9
245,Office Chair #245,Vehicle,2021-05-20,4046.23,31
246,Server #246,Office Chair,2025-05-26,2633.19,76
247,Projector #247,Security Camera,2021-02-10,2631.96,78
248,Vehicle #248,Server,2022-08-16,464.69,60
249,Office Chair #249,Office Chair,2022-06-22,1420.8,23
250,Security Camera #250,Laptop,2021-02-23,3835.94,9
251,Office Chair #251,Server,2025-04-17,2065.75,38
252,Vehicle #252,Security Camera,2024-09-17,1966.48,47
253,Laptop #253,Server,2024-09-03,2121.66,27
254,Laptop #254,Projector,2024-06-07,1682.72,30
255,Security Camera #255,Laptop,2023-04-05,1555.1,31
256,Projector #256,Projector,2024-03-09,3386.35,40
257,Projector #257,Laptop,2024-04-29,3610.39,73
258,Vehicle #258,Vehicle,2022-11-16,3579.36,94
259,Security Camera #259,Office Chair,2025-10-03,4662.42,10
260,Office Chair #260,Vehicle,2025-05-18,1326.79,64
261,Vehicle #261,Projector,2021-11-21,4491.36,75
262,Laptop #262,Vehicle,2021-03-23,160.14,16
263,Office Chair #263,Office Chair,2025-06-03,1844.7,74
264,Desk #264,Projector,2021-06-30,2590.69,3
265,Laptop #265,Vehicle,2023-06-06,218.6,76
266,Server #266,Laptop,2023-03-26,2656.53,75
267,Security Camera #267,Server,2024-04-15,2513.45,11
268,Office Chair #268,Laptop,2024-06-04,4317.41,52
269,Office Chair #269,Security Camera,2022-02-02,3635.12,95
270,Desk #270,Projector,2021-03-12,296.08,48
271,Vehicle #271,Desk,2024-01-29,756.06,61
272,Vehicle #272,Projector,2025-06-16,1359.04,79
273,Laptop #273,Security Camera,2021-04-20,333.33,10
274,Laptop #274,Desk,2023-04-30,4872.2,86
275,Laptop #275,Office Chair,2024-01-20,3423.28,59
276,Desk #276,Security Camera,2025-04-13,1077.1,11
277,Projector #277,Vehicle,2022-07-07,169.51,81
278,Laptop #278,Office Chair,2024-05-13,3097.56,50
279,Office Chair #279,Projector,2023-10-23,1940.13,45
280,Laptop #280,Vehicle,2022-02-21,2856.33,43
281,Laptop #281,Office Chair,2024-01-21,3859.94,42
282,Projector #282,Vehicle,2025-01-27,170.22,85
283,Office Chair #283,Projector,2024-07-07,1118.04,98
284,Office Chair #284,Laptop,2025-07-23,961.23,42
285,Security Camera #285,Laptop,2021-12-02,579.8,42
286,Desk #286,Desk,2024-12-23,262.29,40
287,Vehicle #287,Security Camera,2021-06-18,4321.35,25
288,Desk #288,Laptop,2024-03-13,1443.61,59
289,Office Chair #289,Desk,2024-11-08,2153.21,16
290,Security Camera #290,Server,2022-08-30,90.89,3
291,Office Chair #291,Office Chair,2024-05-18,3591.67,43
292,Server #292,Office Chair,2021-05-09,4680.14,40
293,Security Camera #293,Laptop,2022-07-23,1785.29,53
294,Server #294,Laptop,2025-01-23,2691.58,57
295,Vehicle #295,Office Chair,2025-08-20,2916.86,14
296,Laptop #296,Laptop,2022-06-20,73.76,9
297,Office Chair #297,Desk,2022-10-10,2620.98,52
298,Office Chair #298,Server,2024-04-21,99.3,12
299,Server #299,Security Camera,2022-04-06,1485.48,52
300,Security Camera #300,Desk,2024-07-01,2384.25,76
301,Security Camera #301,Desk,2024-04-11,499.15,57
302,Desk #302,Projector,2023-05-18,240.57,57
303,Laptop #303,Vehicle,2022-11-02,2024.65,48
304,Laptop #304,Server,2024-08-21,4631.11,81
305,Laptop #305,Desk,2021-11-21,4388.75,83
306,Server #306,Server,2021-03-23,3323.96,47
307,Projector #307,Desk,2021-12-08,4818.89,33
308,Office Chair #308,Desk,2021-07-14,4018.44,42
309,Laptop #309,Office Chair,2023-03-30,4076.23,32
310,Vehicle #310,Desk,2022-07-22,4367.77,11
311,Vehicle #311,Desk,2022-04-17,2415.28,13
312,Laptop #312,Projector,2025-07-22,4658.08,53
313,Server #313,Vehicle,2024-03-05,394.54,62
314,Desk #314,Desk,2024-01-23,2902.7,44
315,Laptop #315,Office Chair,2024-02-27,4469.74,14
316,Security Camera #316,Projector,2024-06-22,3844.02,41
317,Security Camera #317,Office Chair,2023-05-13,1842.1,61
318,Security Camera #318,Desk,2025-11-23,1519.95,40
319,Desk #319,Office Chair,2021-08-10,4554.6,100
320,Vehicle #320,Security Camera,2021-10-30,65.61,54
321,Security Camera #321,Projector,2023-08-25,4850.69,64
322,Server #322,Office Chair,2022-09-13,3755.21,61
323,Server #323,Security Camera,2021-05-03,1939.77,28
324,Server #324,Laptop,2025-01-29,2743.05,3
325,Desk #325,Projector,2022-01-26,1360.73,71
326,Laptop #326,Office Chair,2021-10-06,212.13,34
327,Projector #327,Office Chair,2021-03-23,1376.18,60
328,Security Camera #328,Laptop,2023-04-11,272.08,14
329,Desk #329,Security Camera,2025-12-04,1532.45,3
330,Security Camera #330,Security Camera,2023-09-30,2100.96,5
331,Projector #331,Security Camera,2025-05-28,4879.38,42
332,Server #332,Vehicle,2023-07-13,1450.87,87
333,Desk #333,Security Camera,2025-03-16,4661.32,41
334,Server #334,Projector,2021-06-03,2023.28,59
335,Office Chair #335,Office Chair,2025-10-05,189.64,4
336,Office Chair #336,Security Camera,2025-03-24,849.99,80
337,Server #337,Office Chair,2024-11-12,3043.0,47
338,Laptop #338,Office Chair,2021-10-30,2974.91,80
339,Office Chair #339,Projector,2024-11-13,292.96,71
340,Office Chair #340,Security Camera,2023-08-04,4969.51,98
341,Server #341,Office Chair,2023-11-18,2204.83,85
342,Laptop #342,Vehicle,2021-07-09,3022.71,64
343,Vehicle #343,Security Camera,2022-09-08,564.41,15
344,Vehicle #344,Projector,2024-12-29,3093.57,69
345,Office Chair #345,Server,2023-03-20,3557.41,82
346,Security Camera #346,Office Chair,2023-11-19,4455.82,31
347,Security Camera #347,Office Chair,2025-09-14,3870.25,41
348,Projector #348,Security Camera,2025-10-01,1815.32,90
349,Vehicle #349,Vehicle,2022-09-10,854.27,12
350,Laptop #350,Desk,2022-07-30,317.11,45
351,Office Chair #351,Projector,2023-11-12,1787.52,55
352,Security Camera #352,Projector,2024-05-25,3261.58,62
353,Laptop #353,Office Chair,2025-11-04,1933.75,9
354,Desk #354,Office Chair,2022-10-27,4579.83,3
355,Server #355,Security Camera,2021-02-03,1320.22,85
356,Laptop #356,Vehicle,2024-10-02,3347.42,29
357,Office Chair #357,Projector,2024-11-06,2213.22,42
358,Vehicle #358,Security Camera,2021-04-19,2211.4,41
359,Vehicle #359,Projector,2025-01-07,2388.91,60
360,Vehicle #360,Office Chair,2023-07-01,1535.82,100
361,Vehicle #361,Laptop,2021-10-31,2380.05,18
362,Server #362,Vehicle,2025-03-20,3928.47,45
363,Projector #363,Laptop,2023-03-19,819.63,7
364,Server #364,Vehicle,2021-05-02,3676.27,42
365,Laptop #365,Security Camera,2023-09-14,1181.07,33
366,Office Chair #366,Laptop,2023-01-26,367.9,30
367,Office Chair #367,Server,2022-08-14,4906.75,7
368,Office Chair #368,Projector,2024-10-18,3853.54,29
369,Desk #369,Office Chair,2025-12-20,3294.43,32
370,Laptop #370,Desk,2021-03-18,4938.9,95
371,Projector #371,Vehicle,2024-10-27,1734.64,64
372,Laptop #372,Server,2025-02-08,2554.45,64
373,Laptop #373,Laptop,2022-03-01,3818.81,10
374,Server #374,Desk,2024-05-29,3140.75,89
375,Laptop #375,Security Camera,2022-09-02,248.63,69
376,Server #376,Desk,2025-02-22,923.88,84
377,Laptop #377,Office Chair,2025-01-05,2972.48,80
378,Security Camera #378,Server,2023-07-16,4504.61,63
379,Projector #379,Projector,2023-03-25,4685.58,64
380,Projector #380,Vehicle,2023-04-28,2690.52,59
381,Projector #381,Vehicle,2025-05-10,700.64,95
382,Laptop #382,Vehicle,2021-04-19,1407.37,54
383,Server #383,Security Camera,2025-05-22,372.54,7
384,Projector #384,Projector,2024-05-07,2609.04,36
385,Security Camera #385,Desk,2025-06-17,639.18,41
386,Vehicle #386,Server,2022-03-05,2871.6,31
387,Server #387,Server,2021-01-26,658.36,18
388,Laptop #388,Projector,2023-08-29,160.5,84
389,Desk #389,Vehicle,2021-03-05,4286.74,40
390,Server #390,Projector,2024-07-02,4920.49,58
391,Server #391,Security Camera,2022-02-26,2219.17,91
392,Laptop #392,Office Chair,2025-05-19,3061.55,1
393,Laptop #393,Security Camera,2021-01-29,1088.48,32
394,Projector #394,Office Chair,2025-02-21,4614.53,72
395,Vehicle #395,Laptop,2025-02-10,3020.63,61
396,Desk #396,Vehicle,2022-01-05,685.37,14
397,Projector #397,Vehicle,2022-10-27,2831.22,79
398,Desk #398,Security Camera,2021-10-16,662.68,65
399,Server #399,Vehicle,2024-10-23,227.34,80
400,Security Camera #400,Security Camera,2024-03-29,2047.23,43
401,Desk #401,Server,2023-06-14,3277.08,16
402,Projector #402,Office Chair,2022-01-24,3471.93,74
403,Security Camera #403,Server,2024-11-26,1687.37,26
404,Server #404,Projector,2021-05-22,3944.97,45
405,Security Camera #405,Laptop,2024-03-18,1037.46,18
406,Office Chair #406,Laptop,2022-06-23,4688.54,86
407,Server #407,Vehicle,2021-05-12,1595.85,91
408,Desk #408,Projector,2021-03-29,2026.89,79
409,Office Chair #409,Projector,2021-07-06,4101.46,67
410,Desk #410,Server,2022-03-22,1934.24,97
411,Security Camera #411,Laptop,2025-12-01,3825.58,54
412,Laptop #412,Office Chair,2021-05-22,621.31,24
413,Server #413,Server,2023-06-28,1408.97,70
414,Office Chair #414,Office Chair,2025-06-25,154.85,9
415,Projector #415,Security Camera,2024-05-22,2614.63,71
416,Desk #416,Laptop,2023-08-13,836.81,53
417,Vehicle #417,Desk,2022-11-01,1241.83,31
418,Projector #418,Security Camera,2022-07-12,4577.54,93
419,Projector #419,Vehicle,2022-10-30,1107.8,55
420,Vehicle #420,Projector,2023-07-19,3386.87,85
421,Laptop #421,Security Camera,2024-04-15,4528.31,17
422,Office Chair #422,Office Chair,2023-09-28,101.82,75
423,Vehicle #423,Desk,2023-05-14,2454.57,27
424,Server #424,Laptop,2024-08-28,563.98,45
425,Office Chair #425,Security Camera,2024-02-01,4842.02,10
426,Projector #426,Desk,2023-12-29,890.42,5
427,Server #427,Desk,2022-11-26,2853.85,69
428,Security Camera #428,Security Camera,2023-05-06,1698.87,90
429,Vehicle #429,Desk,2024-06-11,2288.4,27
430,Security Camera #430,Desk,2023-05-13,4379.36,24
431,Security Camera #431,Server,2023-07-09,2652.23,60
432,Security Camera #432,Security Camera,2021-08-04,4359.78,83
433,Desk #433,Desk,2022-10-21,4509.14,85
434,Vehicle #434,Office Chair,2021-09-08,724.66,40
435,Server #435,Security Camera,2023-11-18,3976.81,46
436,Security Camera #436,Vehicle,2023-10-05,3233.07,45
437,Projector #437,Projector,2023-09-19,2603.59,70
438,Vehicle #438,Laptop,2021-08-14,1265.46,29
439,Security Camera #439,Vehicle,2022-02-18,4285.09,47
440,Desk #440,Desk,2021-10-11,3306.0,34
441,Vehicle #441,Laptop,2024-12-20,1774.37,96
442,Laptop #442,Server,2021-08-25,1725.54,94
443,Server #443,Server,2021-02-13,2452.01,12
444,Desk #444,Office Chair,2024-10-02,3611.75,62
445,Projector #445,Projector,2023-01-29,1329.29,84
446,Office Chair #446,Security Camera,2025-07-01,2145.63,12
447,Projector #447,Security Camera,2023-04-23,3267.48,62
448,Vehicle #448,Server,2023-07-03,416.28,96
449,Projector #449,Laptop,2023-08-25,4147.11,75
450,Vehicle #450,Server,2025-02-05,3768.81,68
451,Vehicle #451,Projector,2025-07-26,4552.74,34
452,Server #452,Office Chair,2023-12-06,793.83,74
453,Server #453,Desk,2025-02-28,1947.93,94
454,Office Chair #454,Laptop,2023-11-13,200.89,37
455,Projector #455,Desk,2023-12-17,1312.87,79
456,Server #456,Vehicle,2021-03-07,3561.76,27
457,Security Camera #457,Vehicle,2022-04-27,2126.66,11
458,Desk #458,Desk,2021-11-03,4938.64,71
459,Security Camera #459,Projector,2024-07-15,3038.41,17
460,Office Chair #460,Desk,2023-04-01,915.09,78
461,Server #461,Vehicle,2025-04-10,2063.91,80
462,Office Chair #462,Laptop,2024-03-14,1611.71,56
463,Server #463,Desk,2025-08-12,1010.39,66
464,Security Camera #464,Office Chair,2025-04-30,1831.75,33
465,Server #465,Office Chair,2024-09-20,4887.24,92
466,Security Camera #466,Vehicle,2023-05-22,3373.45,42
467,Projector #467,Server,2025-05-10,4759.9,84
468,Security Camera #468,Security Camera,2021-06-21,736.0,13
469,Server #469,Office Chair,2025-10-10,278.64,20
470,Vehicle #470,Vehicle,2024-01-26,672.81,16
471,Desk #471,Server,2025-12-05,2588.73,97
472,Server #472,Projector,2024-07-30,4177.73,7
473,Laptop #473,Office Chair,2024-10-22,3835.99,42
474,Vehicle #474,Server,2023-11-11,3939.47,43
475,Projector #475,Server,2022-03-10,3017.75,29
476,Projector #476,Projector,2022-10-31,1961.7,94
477,Projector #477,Desk,2022-08-31,4239.89,15
478,Laptop #478,Projector,2024-03-25,4841.19,6
479,Projector #479,Desk,2021-08-25,4702.0,23
480,Server #480,Office Chair,2023-11-04,4081.22,89
481,Desk #481,Server,2023-02-12,4610.04,63
482,Laptop #482,Desk,2021-11-14,4420.32,96
483,Office Chair #483,Office Chair,2025-05-07,3772.45,6
484,Security Camera #484,Server,2024-06-15,3200.34,65
485,Security Camera #485,Vehicle,2024-02-01,4475.03,74
486,Office Chair #486,Security Camera,2022-04-13,4211.72,32
487,Desk #487,Projector,2022-02-12,1209.99,80
488,Office Chair #488,Desk,2024-03-13,2664.08,13
489,Security Camera #489,Laptop,2022-08-26,724.26,67
490,Office Chair #490,Security Camera,2025-01-08,4949.71,65
491,Laptop #491,Desk,2024-12-29,2431.55,1
492,Desk #492,Office Chair,2021-02-19,2032.11,12
493,Desk #493,Laptop,2022-01-20,4414.76,83
494,Server #494,Projector,2025-10-23,2219.31,11
495,Desk #495,Desk,2022-09-11,2164.29,57
496,Projector #496,Desk,2021-01-28,215.47,15
497,Vehicle #497,Laptop,2025-12-08,1117.74,79
498,Vehicle #498,Server,2021-06-26,2739.55,57
499,Projector #499,Laptop,2021-04-09,1854.29,48
500,Vehicle #500,Laptop,2024-09-30,328.97,82
501,Projector #501,Projector,2024-11-10,1869.4,25
502,Server #502,Security Camera,2022-04-14,963.74,17
503,Security Camera #503,Security Camera,2021-06-14,3062.77,8
504,Desk #504,Server,2021-09-10,638.01,58
505,Security Camera #505,Desk,2024-03-12,2257.24,18
506,Desk #506,Server,2025-09-19,4274.22,42
507,Security Camera #507,Laptop,2021-04-11,1733.56,63
508,Security Camera #508,Office Chair,2023-02-04,4873.02,79
509,Security Camera #509,Projector,2025-01-03,3619.34,59
510,Projector #510,Projector,2021-05-02,1190.64,52
511,Desk #511,Projector,2025-10-31,806.9,43
512,Server #512,Desk,2024-03-31,393.16,54
513,Laptop #513,Vehicle,2025-05-13,1540.81,5
514,Server #514,Laptop,2023-01-15,3257.21,90
515,Server #515,Server,2024-01-18,1675.15,49
516,Office Chair #516,Vehicle,2024-11-04,3323.02,27
517,Laptop #517,Laptop,2024-07-12,1383.71,20
518,Projector #518,Projector,2023-02-25,1266.57,72
519,Office Chair #519,Office Chair,2021-10-20,513.56,37
520,Office Chair #520,Desk,2023-05-02,1243.07,97
521,Laptop #521,Server,2025-02-23,3911.34,46
522,Projector #522,Vehicle,2023-12-21,2024.42,34
523,Laptop #523,Projector,2022-04-09,3334.3,49
524,Projector #524,Server,2025-01-02,4881.86,11
525,Server #525,Office Chair,2021-03-18,1960.56,62
526,Security Camera #526,Projector,2024-01-09,3124.98,56
527,Laptop #527,Desk,2025-03-15,2660.92,48
528,Vehicle #528,Server,2022-04-25,1212.18,22
529,Server #529,Projector,2022-06-09,1502.89,94
530,Office Chair #530,Desk,2021-06-26,1404.98,96
531,Desk #531,Security Camera,2023-10-24,1350.43,36
532,Projector #532,Security Camera,2022-11-04,4795.49,95
533,Server #533,Office Chair,2024-12-19,4818.78,6
534,Desk #534,Office Chair,2023-04-11,832.77,83
535,Laptop #535,Office Chair,2023-11-25,419.63,90
536,Desk #536,Office Chair,2021-07-22,479.84,16
537,Desk #537,Laptop,2022-04-11,314.58,84
538,Server #538,Projector,2022-12-25,3235.4,44
539,Security Camera #539,Server,2021-11-04,3942.46,7
540,Office Chair #540,Security Camera,2025-04-02,1625.32,12
541,Security Camera #541,Laptop,2025-03-12,3880.53,81
542,Vehicle #542,Office Chair,2021-10-09,732.11,37
543,Security Camera #543,Server,2021-07-24,1378.73,47
544,Desk #544,Desk,2025-09-14,1840.91,90
545,Laptop #545,Security Camera,2024-11-19,1812.71,18
546,Laptop #546,Server,2023-06-04,3736.36,21
547,Laptop #547,Office Chair,2021-03-13,479.55,30
548,Vehicle #548,Office Chair,2021-07-29,630.25,60
549,Laptop #549,Vehicle,2023-05-23,1719.13,74
550,Vehicle #550,Security Camera,2023-09-19,3271.41,27
551,Office Chair #551,Office Chair,2023-08-15,1662.62,93
552,Vehicle #552,Laptop,2025-02-03,4486.02,18
553,Desk #553,Projector,2022-06-12,3728.39,47
554,Vehicle #554,Vehicle,2024-03-09,213.52,1
555,Server #555,Vehicle,2024-09-10,4632.63,46
556,Laptop #556,Server,2021-10-21,4778.33,35
557,Server #557,Office Chair,2021-01-10,3351.82,44
558,Projector #558,Security Camera,2022-08-24,4389.19,83
559,Desk #559,Security Camera,2022-02-26,4987.92,26
560,Projector #560,Server,2022-09-19,3230.15,88
561,Vehicle #561,Vehicle,2021-01-01,3956.99,56
562,Laptop #562,Security Camera,2024-12-05,3212.07,54
563,Desk #563,Server,2025-03-04,3129.53,8
564,Server #564,Laptop,2021-02-08,1529.3,98
565,Vehicle #565,Laptop,2025-09-04,4512.61,97
566,Server #566,Office Chair,2021-01-12,4851.96,59
567,Laptop #567,Vehicle,2023-05-23,3264.23,61
568,Laptop #568,Projector,2022-07-10,160.93,6
569,Laptop #569,Vehicle,2025-12-13,1002.63,33
570,Desk #570,Security Camera,2023-02-06,4901.85,33
571,Office Chair #571,Projector,2025-12-04,848.01,32
572,Security Camera #572,Laptop,2024-01-25,3812.18,27
573,Vehicle #573,Laptop,2024-01-23,1936.22,100
574,Desk #574,Laptop,2024-03-27,522.97,25
575,Security Camera #575,Desk,2025-02-02,4165.22,92
576,Laptop #576,Vehicle,2021-05-19,2267.71,3
577,Laptop #577,Office Chair,2022-08-10,3292.09,64
578,Server #578,Security Camera,2024-02-16,4619.01,93
579,Vehicle #579,Security Camera,2024-11-05,2054.56,13
580,Projector #580,Server,2025-12-16,1199.24,38
581,Projector #581,Office Chair,2021-06-14,4576.16,52
582,Security Camera #582,Vehicle,2021-06-01,2897.42,78
583,Laptop #583,Projector,2023-12-19,3875.5,56
584,Projector #584,Projector,2021-08-08,2619.91,73
585,Desk #585,Office Chair,2023-07-01,1499.18,31
586,Server #586,Office Chair,2025-08-01,2320.14,26
587,Projector #587,Server,2021-05-04,3649.96,91
588,Desk #588,Server,2022-07-06,719.77,4
589,Vehicle #589,Security Camera,2024-02-04,83.61,72
590,Laptop #590,Server,2023-06-29,2464.81,65
591,Security Camera #591,Server,2024-07-28,1419.76,17
592,Laptop #592,Office Chair,2023-09-30,1648.12,98
593,Server #593,Security Camera,2021-02-09,3876.86,24
594,Projector #594,Vehicle,2022-08-09,2255.62,46
595,Vehicle #595,Projector,2025-12-27,1083.43,19
596,Office Chair #596,Desk,2024-11-21,4910.42,5
597,Laptop #597,Laptop,2021-07-23,2725.92,9
598,Office Chair #598,Vehicle,2025-07-23,3313.36,51
599,Security Camera #599,Server,2025-01-09,147.36,77
600,Projector #600,Laptop,2021-10-24,4594.39,22
601,Desk #601,Projector,2021-02-05,1621.52,15
602,Server #602,Server,2023-01-04,4121.08,11
603,Server #603,Server,2024-02-11,3255.65,36
604,Laptop #604,Office Chair,2022-11-06,137.93,75
605,Office Chair #605,Office Chair,2021-01-13,3103.48,33
606,Server #606,Desk,2024-04-03,1199.24,98
607,Projector #607,Projector,2023-10-20,937.12,6
608,Laptop #608,Office Chair,2021-01-16,3403.19,44
609,Desk #609,Security Camera,2024-12-28,1306.28,22
610,Desk #610,Projector,2023-01-27,2189.16,26
611,Server #611,Vehicle,2021-06-24,804.43,64
612,Server #612,Server,2021-09-02,4721.71,55
613,Desk #613,Server,2023-06-18,4847.06,63
614,Office Chair #614,Laptop,2023-10-27,123.87,10
615,Vehicle #615,Office Chair,2025-08-11,4848.66,14
616,Security Camera #616,Desk,2023-06-23,2550.48,23
617,Vehicle #617,Desk,2021-07-14,471.56,36
618,Projector #618,Vehicle,2021-02-07,2813.87,80
619,Server #619,Projector,2022-03-11,889.25,42
620,Laptop #620,Server,2024-11-06,3044.11,24
621,Vehicle #621,Projector,2021-09-20,486.81,49
622,Vehicle #622,Projector,2025-04-19,403.01,17
623,Projector #623,Laptop,2021-02-07,4993.81,63
624,Laptop #624,Vehicle,2023-07-20,4836.2,20
625,Server #625,Office Chair,2022-11-27,70.77,1
626,Desk #626,Laptop,2022-04-03,2253.85,1
627,Security Camera #627,Office Chair,2025-03-14,515.03,86
628,Vehicle #628,Server,2021-10-31,1481.49,85
629,Office Chair #629,Office Chair,2025-05-04,156.21,82
630,Security Camera #630,Server,2023-10-12,2653.93,46
631,Projector #631,Security Camera,2025-03-21,3761.02,5
632,Vehicle #632,Vehicle,2021-02-15,2443.5,20
633,Office Chair #633,Office Chair,2021-11-25,4463.97,83
634,Vehicle #634,Projector,2023-02-16,2608.59,28
635,Projector #635,Server,2024-07-23,1720.54,96
636,Laptop #636,Projector,2025-03-13,4881.62,69
637,Vehicle #637,Laptop,2025-10-01,1022.49,72
638,Vehicle #638,Security Camera,2021-05-07,1006.18,59
639,Security Camera #639,Security Camera,2025-04-11,1840.94,98
640,Server #640,Office Chair,2022-03-02,3188.29,34
641,Server #641,Desk,2022-09-21,3455.77,79
642,Projector #642,Security Camera,2022-05-29,616.55,72
643,Desk #643,Projector,2023-02-11,4007.04,49
644,Security Camera #644,Server,2023-12-25,643.84,17
645,Security Camera #645,Desk,2024-08-15,1650.2,96
646,Server #646,Projector,2025-01-05,3990.08,95
647,Vehicle #647,Desk,2021-06-11,3111.88,60
648,Office Chair #648,Server,2024-12-30,103.86,86
649,Projector #649,Office Chair,2023-05-22,3397.49,98
650,Desk #650,Office Chair,2023-01-29,1921.55,29
651,Laptop #651,Projector,2021-01-22,1724.41,54
652,Security Camera #652,Vehicle,2023-09-23,4608.24,25
653,Projector #653,Office Chair,2025-12-30,4430.54,18
654,Projector #654,Projector,2021-06-21,359.3,77
655,Laptop #655,Laptop,2022-01-07,1690.08,17
656,Security Camera #656,Office Chair,2024-04-27,2563.85,87
657,Server #657,Security Camera,2023-06-14,1171.58,54
658,Security Camera #658,Office Chair,2022-12-16,4975.78,18
659,Desk #659,Projector,2021-04-15,269.46,14
660,Laptop #660,Vehicle,2024-11-22,4257.62,3
661,Office Chair #661,Office Chair,2024-07-27,1123.48,69
662,Office Chair #662,Projector,2025-09-15,107.11,63
663,Security Camera #663,Vehicle,2023-02-08,2023.57,17
664,Laptop #664,Laptop,2023-09-08,3194.75,56
665,Server #665,Laptop,2022-04-06,2838.1,96
666,Office Chair #666,Vehicle,2022-04-07,4171.44,40
667,Server #667,Vehicle,2024-10-03,3455.25,25
668,Projector #668,Projector,2023-11-05,4145.17,100
669,Projector #669,Security Camera,2023-05-19,2143.96,87
670,Server #670,Office Chair,2025-09-07,4740.06,3
671,Security Camera #671,Desk,2021-11-15,1306.25,46
672,Server #672,Desk,2024-04-17,281.06,6
673,Projector #673,Laptop,2021-08-12,446.0,38
674,Office Chair #674,Office Chair,2021-03-31,3343.13,32
675,Security Camera #675,Office Chair,2024-05-27,1519.82,87
676,Security Camera #676,Security Camera,2023-11-02,438.32,96
677,Server #677,Security Camera,2021-12-27,1411.22,14
678,Laptop #678,Server,2024-09-13,3885.72,47
679,Laptop #679,Desk,2022-04-04,3797.89,34
680,Vehicle #680,Office Chair,2021-11-21,1499.3,83
681,Projector #681,Projector,2021-05-17,3741.94,11
682,Projector #682,Projector,2021-01-17,4694.07,12
683,Vehicle #683,Laptop,2021-07-23,3990.35,49
684,Desk #684,Projector,2021-01-05,411.33,53
685,Office Chair #685,Laptop,2022-06-03,3255.59,8
686,Office Chair #686,Desk,2024-12-18,2977.13,82
687,Desk #687,Projector,2022-05-31,3235.3,90
688,Laptop #688,Laptop,2024-03-05,180.14,76
689,Desk #689,Server,2021-02-09,1438.92,3
690,Vehicle #690,Desk,2021-08-06,3079.79,67
691,Security Camera #691,Projector,2022-07-20,4367.55,86
692,Office Chair #692,Vehicle,2025-10-30,3857.19,32
693,Projector #693,Vehicle,2023-01-09,2185.07,67
694,Laptop #694,Desk,2022-07-21,993.74,68
695,Desk #695,Vehicle,2022-02-04,793.57,49
696,Security Camera #696,Desk,2022-06-04,2641.75,21
697,Server #697,Vehicle,2022-11-10,4414.29,30
698,Server #698,Server,2024-01-31,2964.15,21
699,Office Chair #699,Projector,2025-04-10,4304.99,59
700,Laptop #700,Laptop,2024-11-14,3458.14,27
701,Office Chair #701,Vehicle,2021-01-05,1955.6,51
702,Security Camera #702,Office Chair,2024-06-07,1289.31,64
703,Desk #703,Desk,2025-04-03,835.62,63
704,Server #704,Office Chair,2024-08-12,2864.06,92
705,Server #705,Security Camera,2022-08-24,2178.17,58
706,Laptop #706,Office Chair,2025-07-13,3207.02,20
707,Projector #707,Server,2024-10-02,2872.75,46
708,Security Camera #708,Security Camera,2022-07-02,2574.71,65
709,Server #709,Desk,2022-08-03,1904.43,81
710,Desk #710,Desk,2022-02-18,727.15,1
711,Vehicle #711,Desk,2022-09-30,1810.49,49
712,Office Chair #712,Projector,2024-11-23,1082.13,1
713,Security Camera #713,Office Chair,2025-09-11,4863.32,32
714,Security Camera #714,Vehicle,2021-09-05,4474.24,100
715,Vehicle #715,Desk,2021-09-24,381.88,81
716,Vehicle #716,Desk,2024-07-07,4147.1,60
717,Office Chair #717,Laptop,2024-11-04,4515.28,95
718,Security Camera #718,Office Chair,2025-02-24,2314.27,36
719,Server #719,Desk,2021-08-04,4476.3,99
720,Vehicle #720,Desk,2025-11-24,3379.72,13
721,Laptop #721,Server,2025-05-08,1683.59,40
722,Office Chair #722,Vehicle,2022-06-17,4955.89,47
723,Laptop #723,Desk,2021-08-22,676.36,53
724,Laptop #724,Desk,2023-08-08,130.68,37
725,Desk #725,Security Camera,2021-08-12,4555.38,84
726,Office Chair #726,Vehicle,2023-10-30,1318.0,27
727,Laptop #727,Laptop,2021-08-09,610.72,70
728,Laptop #728,Security Camera,2021-03-15,293.54,12
729,Desk #729,Server,2021-10-06,3100.61,8
730,Office Chair #730,Server,2023-02-24,1033.41,83
731,Desk #731,Security Camera,2022-01-14,1921.63,45
732,Vehicle #732,Office Chair,2024-08-09,4005.53,55
733,Server #733,Server,2025-01-13,4824.36,59
734,Server #734,Projector,2021-02-09,2466.17,99
735,Desk #735,Security Camera,2023-04-08,932.91,77
736,Desk #736,Projector,2022-04-17,2248.99,10
737,Office Chair #737,Projector,2024-08-17,2209.77,3
738,Projector #738,Server,2025-08-17,4795.62,62
739,Vehicle #739,Server,2023-08-01,1477.68,40
740,Desk #740,Projector,2025-07-13,1856.95,40
741,Projector #741,Security Camera,2022-07-29,2802.31,85
742,Desk #742,Desk,2022-12-22,567.4,67
743,Office Chair #743,Vehicle,2025-07-27,604.76,62
744,Laptop #744,Security Camera,2023-10-30,4254.25,68
745,Server #745,Laptop,2022-08-29,1744.57,95
746,Security Camera #746,Desk,2024-11-06,4569.22,12
747,Projector #747,Office Chair,2024-08-20,873.16,74
748,Projector #748,Desk,2024-11-06,2116.85,3
749,Desk #749,Desk,2024-05-24,4430.28,76
750,Laptop #750,Security Camera,2025-01-10,880.29,19
751,Desk #751,Projector,2025-01-04,3018.71,66
752,Projector #752,Desk,2022-07-26,4522.59,28
753,Vehicle #753,Vehicle,2025-04-15,1456.38,84
754,Server #754,Desk,2025-12-11,4844.27,43
755,Laptop #755,Laptop,2022-07-18,3559.39,6
756,Laptop #756,Laptop,2022-12-29,1663.04,33
757,Desk #757,Server,2022-07-03,3588.04,12
758,Projector #758,Projector,2022-04-10,1226.83,1
759,Office Chair #759,Server,2021-11-22,2342.23,22
760,Projector #760,Desk,2024-11-30,1733.33,64
761,Desk #761,Desk,2021-10-10,3182.0,33
762,Desk #762,Projector,2024-05-28,2958.21,6
763,Projector #763,Office Chair,2024-05-07,4122.35,6
764,Server #764,Vehicle,2023-09-05,4343.72,22
765,Security Camera #765,Desk,2021-04-15,469.94,95
766,Security Camera #766,Laptop,2025-09-04,2029.5,49
767,Office Chair #767,Security Camera,2023-08-24,4452.86,18
768,Desk #768,Security Camera,2022-05-29,3580.25,21
769,Projector #769,Server,2022-09-30,1923.32,78
770,Projector #770,Vehicle,2022-02-08,2965.85,97
771,Security Camera #771,Server,2021-03-10,1113.8,77
772,Security Camera #772,Projector,2025-12-30,545.17,41
773,Security Camera #773,Laptop,2021-07-20,4336.92,25
774,Security Camera #774,Vehicle,2021-07-05,2126.36,38
775,Desk #775,Projector,2022-08-22,104.55,88
776,Projector #776,Office Chair,2024-02-21,1297.04,100
777,Security Camera #777,Office Chair,2025-05-24,3175.28,16
778,Vehicle #778,Desk,2025-04-01,3733.85,85
779,Security Camera #779,Vehicle,2024-07-27,777.22,2
780,Projector #780,Server,2025-09-29,2674.68,39
781,Desk #781,Desk,2023-07-17,2870.78,69
782,Projector #782,Office Chair,2022-08-29,4890.74,10
783,Security Camera #783,Office Chair,2021-07-04,2809.55,53
784,Projector #784,Laptop,2022-06-15,1405.68,60
785,Vehicle #785,Server,2024-01-09,1936.22,64
786,Vehicle #786,Office Chair,2024-12-21,3778.78,49
787,Projector #787,Laptop,2021-11-22,1165.25,35
788,Security Camera #788,Security Camera,2024-02-25,4002.49,80
789,Security Camera #789,Projector,2023-02-25,1820.79,61
790,Projector #790,Server,2021-10-14,211.33,10
791,Laptop #791,Projector,2022-04-03,3312.54,9
792,Desk #792,Desk,2021-08-12,2950.64,58
793,Vehicle #793,Server,2023-05-27,3970.1,66
794,Vehicle #794,Desk,2024-10-24,3502.72,12
795,Desk #795,Vehicle,2023-03-02,67.28,30
796,Server #796,Office Chair,2022-10-07,4216.55,1
797,Vehicle #797,Security Camera,2023-03-22,469.94,41
798,Office Chair #798,Desk,2021-07-31,3131.11,70
799,Vehicle #799,Projector,2022-03-14,643.75,49
800,Security Camera #800,Laptop,2021-01-29,2008.77,21
801,Desk #801,Office Chair,2024-03-31,266.12,61
802,Vehicle #802,Vehicle,2024-02-09,2350.32,13
803,Security Camera #803,Vehicle,2021-11-08,2456.01,1
804,Projector #804,Office Chair,2021-12-31,712.06,8
805,Desk #805,Vehicle,2025-05-03,2486.68,50
806,Vehicle #806,Laptop,2023-12-14,3211.86,74
807,Vehicle #807,Office Chair,2023-11-16,2616.02,18
808,Security Camera #808,Desk,2021-06-30,1888.08,84
809,Office Chair #809,Laptop,2024-07-07,2102.93,99
810,Desk #810,Laptop,2022-06-26,1083.68,12
811,Security Camera #811,Desk,2022-06-20,4109.68,12
812,Desk #812,Projector,2025-08-26,137.78,65
813,Desk #813,Security Camera,2025-06-20,2599.92,22
814,Vehicle #814,Security Camera,2025-06-20,2186.94,73
815,Projector #815,Projector,2024-12-10,331.45,91
816,Vehicle #816,Office Chair,2023-06-03,4311.37,30
817,Vehicle #817,Desk,2022-03-09,4035.27,5
818,Desk #818,Vehicle,2021-03-03,577.03,61
819,Office Chair #819,Projector,2025-03-28,1565.02,77
820,Vehicle #820,Laptop,2021-09-04,1654.89,79
821,Office Chair #821,Laptop,2025-09-14,4102.41,2
822,Security Camera #822,Vehicle,2023-05-06,2303.52,17
823,Desk #823,Server,2021-02-11,1035.34,1
824,Office Chair #824,Office Chair,2025-06-05,121.29,99
825,Laptop #825,Server,2024-10-16,2458.02,25
826,Vehicle #826,Office Chair,2021-10-01,419.21,18
827,Vehicle #827,Projector,2021-11-15,1215.9,10
828,Security Camera #828,Projector,2022-07-30,2703.68,25
829,Vehicle #829,Office Chair,2025-03-11,3001.52,96
830,Vehicle #830,Laptop,2023-07-31,268.86,40
831,Desk #831,Projector,2022-03-19,1011.73,86
832,Server #832,Laptop,2021-03-06,4281.79,95
833,Vehicle #833,Server,2021-11-04,4482.25,13
834,Desk #834,Server,2021-12-24,3590.74,25
835,Security Camera #835,Security Camera,2024-09-02,4085.29,82
836,Projector #836,Laptop,2021-11-21,748.41,50
837,Projector #837,Laptop,2025-08-15,4414.02,37
838,Security Camera #838,Vehicle,2023-06-02,3756.85,85
839,Laptop #839,Desk,2021-08-18,2660.74,8
840,Server #840,Projector,2021-07-13,1653.37,63
841,Office Chair #841,Projector,2022-10-14,280.21,42
842,Office Chair #842,Security Camera,2022-02-08,2008.04,53
843,Server #843,Laptop,2022-10-29,3824.77,88
844,Server #844,Security Camera,2021-02-07,1836.66,29
845,Office Chair #845,Projector,2022-04-20,1743.85,27
846,Projector #846,Security Camera,2022-10-03,4813.57,28
847,Desk #847,Office Chair,2024-06-14,402.39,70
848,Desk #848,Office Chair,2025-06-30,2137.66,62
849,Desk #849,Office Chair,2025-04-03,3356.6,10
850,Laptop #850,Server,2024-09-10,3101.08,100
851,Office Chair #851,Projector,2025-12-31,3658.0,38
852,Desk #852,Server,2025-06-16,3884.55,97
853,Vehicle #853,Laptop,2022-01-19,1679.13,93
854,Laptop #854,Vehicle,2024-11-10,2944.01,4
855,Office Chair #855,Desk,2022-10-06,3718.41,67
856,Server #856,Security Camera,2022-06-29,951.88,11
857,Desk #857,Vehicle,2025-10-18,626.8,55
858,Office Chair #858,Projector,2023-04-24,2733.03,52
859,Projector #859,Office Chair,2024-10-01,3536.49,14
860,Vehicle #860,Office Chair,2023-08-06,406.32,36
861,Server #861,Vehicle,2023-08-16,314.28,62
862,Projector #862,Office Chair,2025-02-18,1634.11,94
863,Projector #863,Office Chair,2023-04-14,2822.86,73
864,Desk #864,Projector,2022-04-19,2670.34,37
865,Security Camera #865,Office Chair,2021-06-20,2668.14,62
866,Server #866,Office Chair,2021-10-16,4480.87,74
867,Server #867,Vehicle,2022-01-29,1461.61,23
868,Vehicle #868,Laptop,2021-11-12,4619.06,34
869,Projector #869,Desk,2022-07-02,412.34,8
870,Laptop #870,Security Camera,2025-12-24,239.92,7
871,Server #871,Projector,2021-08-13,4246.76,47
872,Laptop #872,Vehicle,2023-08-20,1955.57,72
873,Desk #873,Desk,2024-12-29,3531.52,3
874,Vehicle #874,Vehicle,2021-05-17,1031.49,46
875,Desk #875,Security Camera,2024-01-20,1963.17,97
876,Server #876,Projector,2022-08-13,2845.77,2
877,Vehicle #877,Desk,2025-03-15,2204.46,80
878,Desk #878,Security Camera,2024-07-16,800.06,92
879,Server #879,Desk,2023-02-26,3242.46,77
880,Security Camera #880,Projector,2021-09-14,1298.63,86
881,Laptop #881,Security Camera,2025-03-24,3016.1,47
882,Laptop #882,Office Chair,2022-09-02,3214.34,61
883,Projector #883,Server,2025-03-22,593.89,2
884,Projector #884,Desk,2025-01-20,4800.64,96
885,Server #885,Projector,2025-11-23,3933.42,43
886,Laptop #886,Laptop,2022-02-10,1415.39,73
887,Vehicle #887,Desk,2021-09-12,4611.91,85
888,Office Chair #888,Office Chair,2024-12-20,4283.19,12
889,Desk #889,Security Camera,2022-02-23,1732.82,86
890,Office Chair #890,Laptop,2024-02-04,3228.25,75
891,Vehicle #891,Desk,2024-10-21,3435.2,66
892,Laptop #892,Security Camera,2025-09-20,3430.36,47
893,Security Camera #893,Server,2024-03-06,2888.32,59
894,Security Camera #894,Office Chair,2022-12-01,3524.78,56
895,Vehicle #895,Vehicle,2024-09-03,1170.92,19
896,Office Chair #896,Projector,2021-12-06,2212.5,42
897,Laptop #897,Security Camera,2021-06-05,1069.54,19
898,Projector #898,Security Camera,2024-01-19,4520.73,72
899,Vehicle #899,Vehicle,2023-04-06,4162.93,52
900,Laptop #900,Server,2022-02-11,382.31,84
901,Laptop #901,Projector,2023-11-11,3662.05,86
902,Security Camera #902,Projector,2024-09-22,1974.39,73
903,Desk #903,Vehicle,2023-03-18,635.2,3
904,Vehicle #904,Projector,2025-10-10,1227.51,54
905,Security Camera #905,Laptop,2023-01-02,3026.57,67
906,Projector #906,Desk,2022-10-20,4496.37,61
907,Server #907,Projector,2024-12-06,1879.9,95
908,Laptop #908,Vehicle,2025-09-24,4143.82,19
909,Vehicle #909,Vehicle,2021-11-08,3923.23,33
910,Security Camera #910,Projector,2023-05-05,3751.68,26
911,Projector #911,Server,2025-01-25,1074.61,89
912,Vehicle #912,Projector,2023-01-19,1232.68,5
913,Vehicle #913,Security Camera,2025-04-05,1285.75,21
914,Office Chair #914,Security Camera,2025-02-23,2975.52,40
915,Security Camera #915,Vehicle,2023-08-31,1567.25,38
916,Projector #916,Desk,2022-03-13,751.42,76
917,Vehicle #917,Projector,2023-02-07,3860.21,91
918,Projector #918,Vehicle,2024-08-12,2324.73,12
919,Server #919,Desk,2021-09-29,718.29,97
920,Desk #920,Security Camera,2025-06-04,1446.16,68
921,Security Camera #921,Laptop,2024-04-26,1370.21,10
922,Server #922,Security Camera,2024-09-02,4497.05,66
923,Security Camera #923,Vehicle,2024-04-13,4477.64,100
924,Desk #924,Server,2023-08-07,4504.22,59
925,Laptop #925,Desk,2022-11-08,3943.03,81
926,Projector #926,Desk,2022-06-06,623.83,63
927,Desk #927,Vehicle,2025-02-10,4151.45,54
928,Laptop #928,Vehicle,2022-04-17,3080.77,38
929,Projector #929,Vehicle,2021-09-03,3390.71,1
930,Projector #930,Office Chair,2025-02-17,1381.85,7
931,Desk #931,Server,2021-12-20,1299.06,32
932,Server #932,Laptop,2024-12-12,1590.33,25
933,Projector #933,Office Chair,2022-10-12,3168.6,46
934,Projector #934,Security Camera,2022-05-06,4833.73,74
935,Desk #935,Laptop,2023-03-04,3126.41,96
936,Projector #936,Projector,2021-08-11,1595.46,45
937,Laptop #937,Vehicle,2025-06-12,2198.89,50
938,Desk #938,Security Camera,2025-03-14,1219.49,62
939,Laptop #939,Office Chair,2024-10-02,3367.86,46
940,Vehicle #940,Security Camera,2022-03-30,3786.02,70
941,Projector #941,Laptop,2024-09-13,4302.79,41
942,Laptop #942,Projector,2025-06-28,2603.45,55
943,Vehicle #943,Desk,2023-04-27,4456.39,46
944,Desk #944,Laptop,2025-09-10,4365.5,14
945,Security Camera #945,Projector,2023-02-11,1885.04,48
946,Desk #946,Office Chair,2024-03-07,4451.31,86
947,Server #947,Desk,2022-01-19,954.36,100
948,Vehicle #948,Security Camera,2023-01-14,1458.03,1
949,Desk #949,Vehicle,2023-09-26,779.21,100
950,Office Chair #950,Projector,2024-02-10,997.54,36
951,Projector #951,Security Camera,2021-09-23,130.44,33
952,Security Camera #952,Office Chair,2024-03-19,4220.13,65
953,Security Camera #953,Office Chair,2022-08-30,393.85,88
954,Vehicle #954,Server,2021-08-17,1389.28,23
955,Office Chair #955,Office Chair,2025-03-16,3628.01,19
956,Projector #956,Vehicle,2025-05-28,3742.72,45
957,Server #957,Office Chair,2025-08-25,4216.34,24
958,Security Camera #958,Projector,2022-10-30,2260.58,86
959,Server #959,Laptop,2025-10-21,1251.8,55
960,Laptop #960,Server,2023-10-11,4127.84,10
961,Vehicle #961,Server,2025-10-25,1846.83,32
962,Security Camera #962,Vehicle,2021-06-13,706.11,86
963,Projector #963,Security Camera,2025-06-13,4172.28,46
964,Vehicle #964,Projector,2024-02-29,4552.42,22
965,Office Chair #965,Server,2021-07-29,1620.83,13
966,Security Camera #966,Laptop,2022-11-02,1685.81,54
967,Desk #967,Desk,2022-12-09,2832.99,78
968,Vehicle #968,Vehicle,2024-05-18,3079.84,27
969,Projector #969,Security Camera,2025-11-15,2890.41,11
970,Vehicle #970,Laptop,2025-07-23,3011.5,95
971,Desk #971,Projector,2021-01-01,1327.44,65
972,Office Chair #972,Security Camera,2025-04-16,4338.68,61
973,Desk #973,Laptop,2025-08-13,4240.52,32
974,Server #974,Office Chair,2022-12-16,4346.47,80
975,Server #975,Security Camera,2021-09-14,4511.84,92
976,Vehicle #976,Office Chair,2022-11-13,1968.4,96
977,Security Camera #977,Laptop,2021-08-15,4101.48,4
978,Desk #978,Office Chair,2024-09-27,4574.97,75
979,Vehicle #979,Office Chair,2022-04-14,661.64,72
980,Desk #980,Laptop,2021-11-19,229.14,69
981,Server #981,Server,2024-12-26,364.58,6
982,Vehicle #982,Server,2024-08-17,1974.0,52
983,Vehicle #983,Office Chair,2021-04-18,1904.36,69
984,Desk #984,Security Camera,2021-10-11,4090.94,86
985,Desk #985,Laptop,2023-08-02,1610.05,96
986,Office Chair #986,Security Camera,2025-07-07,4503.3,42
987,Security Camera #987,Server,2025-01-01,2896.04,18
988,Office Chair #988,Vehicle,2022-09-19,406.96,4
989,Server #989,Projector,2023-07-28,2880.49,75
990,Server #990,Security Camera,2022-11-26,4429.37,46
991,Office Chair #991,Security Camera,2025-07-10,3196.1,45
992,Server #992,Vehicle,2023-03-04,1285.57,10
993,Office Chair #993,Projector,2021-03-14,2650.63,28
994,Server #994,Office Chair,2023-12-04,4273.28,38
995,Projector #995,Projector,2022-10-14,1853.12,76
996,Projector #996,Projector,2024-10-03,464.84,27
997,Desk #997,Desk,2021-01-05,4386.94,53
998,Security Camera #998,Vehicle,2022-01-11,4059.14,50
999,Server #999,Server,2021-01-07,4378.84,55
1000,Desk #1000,Laptop,2023-11-10,619.34,75
1001,Security Camera #1001,Security Camera,2025-06-18,4403.9,36
1002,Office Chair #1002,Projector,2025-03-08,3820.04,19
1003,Vehicle #1003,Vehicle,2025-12-17,4654.82,64
1004,Server #1004,Desk,2025-04-12,1241.44,27
1005,Security Camera #1005,Projector,2022-03-15,4177.81,82
1006,Desk #1006,Office Chair,2023-01-10,3273.71,35
1007,Security Camera #1007,Office Chair,2025-02-25,2467.3,51
1008,Server #1008,Desk,2021-01-31,1108.85,100
1009,Projector #1009,Security Camera,2022-03-21,655.6,52
1010,Desk #1010,Desk,2025-09-29,1420.55,88
1011,Security Camera #1011,Projector,2025-03-12,2551.84,36
1012,Server #1012,Security Camera,2022-05-15,1721.73,77
1013,Server #1013,Office Chair,2025-01-29,3075.92,73
1014,Projector #1014,Projector,2022-10-23,4625.99,4
1015,Office Chair #1015,Projector,2023-08-21,1890.99,85
1016,Laptop #1016,Laptop,2022-11-26,2355.74,53
1017,Server #1017,Desk,2022-03-23,1419.05,25
1018,Office Chair #1018,Vehicle,2021-01-31,2004.46,94
1019,Server #1019,Office Chair,2025-01-13,1365.12,12
1020,Projector #1020,Office Chair,2024-11-24,3122.38,50
1021,Laptop #1021,Vehicle,2021-09-02,3946.45,33
1022,Desk #1022,Vehicle,2023-06-13,4577.55,86
1023,Vehicle #1023,Laptop,2021-07-03,3149.17,4
1024,Projector #1024,Security Camera,2025-05-29,4239.64,68
1025,Vehicle #1025,Office Chair,2023-11-11,2622.79,1
1026,Office Chair #1026,Laptop,2022-06-16,3310.25,89
1027,Projector #1027,Desk,2024-07-08,949.82,32
1028,Desk #1028,Office Chair,2025-02-20,2218.8,25
1029,Laptop #1029,Server,2024-06-19,1187.63,71
1030,Security Camera #1030,Server,2025-03-24,761.59,30
1031,Office Chair #1031,Vehicle,2025-05-24,4338.02,38
1032,Laptop #1032,Security Camera,2022-06-27,1160.41,83
1033,Laptop #1033,Server,2025-02-10,2648.34,83
1034,Desk #1034,Projector,2021-05-26,4468.05,65
1035,Projector #1035,Projector,2021-05-09,1890.71,21
1036,Server #1036,Security Camera,2022-11-10,1007.62,28
1037,Vehicle #1037,Server,2023-04-19,4236.32,77
1038,Desk #1038,Office Chair,2023-07-01,1844.71,34
1039,Server #1039,Vehicle,2021-08-12,4589.55,37
1040,Security Camera #1040,Projector,2025-09-30,996.59,8
1041,Office Chair #1041,Desk,2021-10-26,2312.23,13
1042,Server #1042,Projector,2025-04-09,289.05,10
1043,Desk #1043,Projector,2025-08-27,2453.73,45
1044,Vehicle #1044,Laptop,2023-02-21,164.25,14
1045,Server #1045,Security Camera,2025-01-14,4404.45,14
1046,Office Chair #1046,Laptop,2021-05-14,4603.3,61
1047,Security Camera #1047,Desk,2025-09-08,2833.16,72
1048,Server #1048,Office Chair,2023-10-07,4851.87,100
1049,Security Camera #1049,Vehicle,2021-09-14,590.04,96
1050,Server #1050,Projector,2025-05-01,1776.08,14
1051,Vehicle #1051,Vehicle,2022-04-25,340.59,61
1052,Office Chair #1052,Desk,2023-07-11,4562.89,77
1053,Security Camera #1053,Office Chair,2024-02-23,3301.92,64
1054,Desk #1054,Laptop,2021-04-15,2411.48,98
1055,Vehicle #1055,Vehicle,2024-02-21,2000.69,45
1056,Laptop #1056,Desk,2022-01-31,1736.89,40
1057,Server #1057,Desk,2024-04-25,4377.19,41
1058,Desk #1058,Projector,2025-05-11,296.32,6
1059,Office Chair #1059,Security Camera,2025-06-30,1248.43,16
1060,Security Camera #1060,Vehicle,2024-06-30,4066.04,71
1061,Security Camera #1061,Office Chair,2022-01-25,3604.96,33
1062,Office Chair #1062,Laptop,2024-02-12,1875.26,33
1063,Security Camera #1063,Office Chair,2021-10-30,678.83,21
1064,Office Chair #1064,Office Chair,2024-07-06,4513.41,53
1065,Office Chair #1065,Security Camera,2023-02-27,1332.7,48
1066,Security Camera #1066,Laptop,2024-02-22,1789.9,47
1067,Vehicle #1067,Laptop,2021-07-18,4472.68,39
1068,Desk #1068,Laptop,2025-12-05,3887.2,33
1069,Desk #1069,Office Chair,2025-02-13,2096.67,99
1070,Vehicle #1070,Vehicle,2022-09-12,3163.09,58
1071,Office Chair #1071,Projector,2024-03-08,4382.27,67
1072,Laptop #1072,Server,2022-03-03,3411.82,32
1073,Server #1073,Security Camera,2023-10-04,3337.3,9
1074,Desk #1074,Laptop,2021-12-17,2354.19,81
1075,Vehicle #1075,Security Camera,2024-02-09,2571.73,72
1076,Laptop #1076,Security Camera,2023-05-01,579.71,96
1077,Security Camera #1077,Desk,2024-10-18,4660.71,18
1078,Server #1078,Security Camera,2024-12-13,3745.81,53
1079,Desk #1079,Desk,2022-11-21,3647.72,36
1080,Server #1080,Office Chair,2023-08-17,1029.94,24
1081,Laptop #1081,Laptop,2024-09-23,2206.58,18
1082,Desk #1082,Laptop,2025-03-10,1896.46,21
1083,Security Camera #1083,Vehicle,2025-04-18,3064.0,17
1084,Security Camera #1084,Security Camera,2021-08-27,900.71,69
1085,Vehicle #1085,Vehicle,2025-02-16,2851.47,78
1086,Security Camera #1086,Vehicle,2025-09-15,3480.54,70
1087,Laptop #1087,Laptop,2025-08-21,4904.2,72
1088,Laptop #1088,Office Chair,2025-08-06,2768.54,61
1089,Office Chair #1089,Laptop,2024-04-03,846.28,36
1090,Server #1090,Desk,2022-11-15,4337.57,79
1091,Desk #1091,Projector,2021-08-23,2406.13,50
1092,Vehicle #1092,Office Chair,2022-10-07,4671.54,3
1093,Server #1093,Desk,2022-04-26,4895.48,65
1094,Server #1094,Projector,2021-08-08,4747.45,6
1095,Projector #1095,Laptop,2025-04-19,3935.49,91
1096,Vehicle #1096,Security Camera,2025-09-05,3564.0,42
1097,Security Camera #1097,Vehicle,2021-02-02,689.67,55
1098,Office Chair #1098,Security Camera,2022-07-27,3080.63,71
1099,Vehicle #1099,Laptop,2023-01-14,2153.34,23
