location_id,street_address,postal_code,city,state_province,country_id
1,7527 Main St Blvd,95437,New York,NY,US
2,7704 Main St Blvd,38741,Chicago,IL,US
3,2031 Main St Blvd,11986,Chicago,IL,US
4,192 Main St Blvd,33421,Phoenix,AZ,US
5,2673 Main St Blvd,36993,New York,NY,US
6,2660 Main St Blvd,97721,Toronto,ON,CA
7,4488 Main St Blvd,76287,Los Angeles,CA,US
8,7815 Main St Blvd,28031,London,Eng,UK
9,1145 Main St Blvd,36776,Berlin,Be,DE
10,6450 Main St Blvd,40606,London,Eng,UK
11,9987 Main St Blvd,84190,London,Eng,UK
12,3525 Main St Blvd,91869,Paris,IDF,FR
13,6750 Main St Blvd,32832,Paris,IDF,FR
14,5476 Main St Blvd,27021,London,Eng,UK
15,605 Main St Blvd,17457,Tokyo,Ty,JP
16,1472 Main St Blvd,93673,New York,NY,US
17,9687 Main St Blvd,50269,Berlin,Be,DE
18,8858 Main St Blvd,76042,Toronto,ON,CA
19,9675 Main St Blvd,27561,Houston,TX,US
20,7289 Main St Blvd,33119,Berlin,Be,DE
21,6713 Main St Blvd,57738,Tokyo,Ty,JP
22,5667 Main St Blvd,16026,Tokyo,Ty,JP
23,5345 Main St Blvd,62515,New York,NY,US
24,4705 Main St Blvd,14596,Houston,TX,US
25,5439 Main St Blvd,68936,Paris,IDF,FR
26,9707 Main St Blvd,49643,Paris,IDF,FR
27,2739 Main St Blvd,31932,Chicago,IL,US
28,591 Main St Blvd,87738,Phoenix,AZ,US
29,1487 Main St Blvd,85027,Paris,IDF,FR
30,6183 Main St Blvd,28180,Berlin,Be,DE
31,8169 Main St Blvd,68101,Toronto,ON,CA
32,7382 Main St Blvd,95581,New York,NY,US
33,1441 Main St Blvd,12529,Tokyo,Ty,JP
34,4084 Main St Blvd,62500,Berlin,Be,DE
35,7271 Main St Blvd,86120,London,Eng,UK
36,5637 Main St Blvd,59465,Phoenix,AZ,US
37,1692 Main St Blvd,55487,Tokyo,Ty,JP
38,3404 Main St Blvd,89644,Houston,TX,US
39,3275 Main St Blvd,13253,Toronto,ON,CA
40,2466 Main St Blvd,43540,Los Angeles,CA,US
41,7264 Main St Blvd,69227,Toronto,ON,CA
42,4267 Main St Blvd,42684,Los Angeles,CA,US
43,6718 Main St Blvd,68216,Los Angeles,CA,US
44,571 Main St Blvd,65424,Tokyo,Ty,JP
45,6716 Main St Blvd,93344,Houston,TX,US
46,9163 Main St Blvd,73808,London,Eng,UK
47,4289 Main St Blvd,59798,Toronto,ON,CA
48,1276 Main St Blvd,14765,Phoenix,AZ,US
49,5372 Main St Blvd,74894,Phoenix,AZ,US
50,4455 Main St Blvd,71908,London,Eng,UK
51,371 Main St Blvd,49537,Phoenix,AZ,US
52,8182 Main St Blvd,85903,Houston,TX,US
53,8581 Main St Blvd,43306,Paris,IDF,FR
54,7065 Main St Blvd,57444,Los Angeles,CA,US
55,9596 Main St Blvd,81771,Los Angeles,CA,US
56,9087 Main St Blvd,90650,Berlin,Be,DE
57,5198 Main St Blvd,94569,Toronto,ON,CA
58,7041 Main St Blvd,36559,Phoenix,AZ,US
59,7777 Main St Blvd,47013,Phoenix,AZ,US
60,7805 Main St Blvd,24994,Paris,IDF,FR
61,9561 Main St Blvd,46906,Houston,TX,US
62,5798 Main St Blvd,10084,New York,NY,US
63,6874 Main St Blvd,21698,Berlin,Be,DE
64,5843 Main St Blvd,28942,New York,NY,US
65,7198 Main St Blvd,33382,Chicago,IL,US
66,7263 Main St Blvd,36816,Toronto,ON,CA
67,9360 Main St Blvd,56828,Houston,TX,US
68,8336 Main St Blvd,17610,New York,NY,US
69,7527 Main St Blvd,37719,Houston,TX,US
70,2461 Main St Blvd,14569,Los Angeles,CA,US
71,2700 Main St Blvd,30498,Paris,IDF,FR
72,4502 Main St Blvd,93378,Chicago,IL,US
73,3095 Main St Blvd,54144,London,Eng,UK
74,838 Main St Blvd,51588,Houston,TX,US
75,3346 Main St Blvd,91921,Chicago,IL,US
76,3322 Main St Blvd,81291,Los Angeles,CA,US
77,8493 Main St Blvd,94375,Toronto,ON,CA
78,6546 Main St Blvd,93592,Houston,TX,US
79,8451 Main St Blvd,68989,Berlin,Be,DE
80,4965 Main St Blvd,87698,Chicago,IL,US
81,8032 Main St Blvd,67685,Houston,TX,US
82,8697 Main St Blvd,71991,Berlin,Be,DE
83,9182 Main St Blvd,56545,Toronto,ON,CA
84,3039 Main St Blvd,18074,London,Eng,UK
85,3993 Main St Blvd,43027,Berlin,Be,DE
86,289 Main St Blvd,96703,Berlin,Be,DE
87,5104 Main St Blvd,59780,Los Angeles,CA,US
88,1214 Main St Blvd,76186,London,Eng,UK
89,7570 Main St Blvd,96862,Phoenix,AZ,US
90,3017 Main St Blvd,75449,Paris,IDF,FR
91,9631 Main St Blvd,39079,Paris,IDF,FR
92,6404 Main St Blvd,45777,Los Angeles,CA,US
93,9006 Main St Blvd,11771,Berlin,Be,DE
94,5935 Main St Blvd,87721,Los Angeles,CA,US
95,8005 Main St Blvd,62741,Chicago,IL,US
96,5910 Main St Blvd,53330,Paris,IDF,FR
97,1371 Main St Blvd,70829,Berlin,Be,DE
98,4880 Main St Blvd,52215,London,Eng,UK
99,1250 Main St Blvd,57116,Paris,IDF,FR
100,4989 Main St Blvd,16117,Chicago,IL,US
