id,display_name,email,role
1,Patricia Miller,patricia.miller@cms-portal.internal,admin
2,John Jones,john.jones@cms-portal.internal,admin
3,Mary Brown,mary.brown@cms-portal.internal,admin
4,Robert Miller,robert.miller@cms-portal.internal,admin
5,William Jones,william.jones@cms-portal.internal,admin
6,William Williams,william.williams@cms-portal.internal,admin
7,Michael Martinez,michael.martinez@cms-portal.internal,admin
8,Michael Brown,michael.brown@cms-portal.internal,admin
9,Robert Smith,robert.smith@cms-portal.internal,admin
10,Elizabeth Williams,elizabeth.williams@cms-portal.internal,admin
11,Robert Garcia,robert.garcia@cms-portal.internal,editor
12,William Johnson,william.johnson@cms-portal.internal,contributor
13,John Johnson,john.johnson@cms-portal.internal,contributor
14,William Smith,william.smith@cms-portal.internal,admin
15,John Davis,john.davis@cms-portal.internal,editor
16,William Rodriguez,william.rodriguez@cms-portal.internal,editor
17,Elizabeth Martinez,elizabeth.martinez@cms-portal.internal,author
18,Elizabeth Williams,elizabeth.williams@cms-portal.internal,editor
19,Mary Johnson,mary.johnson@cms-portal.internal,contributor
20,Michael Martinez,michael.martinez@cms-portal.internal,editor
21,Robert Davis,robert.davis@cms-portal.internal,admin
22,Robert Rodriguez,robert.rodriguez@cms-portal.internal,editor
23,Michael Garcia,michael.garcia@cms-portal.internal,admin
24,John Smith,john.smith@cms-portal.internal,editor
25,Elizabeth Miller,elizabeth.miller@cms-portal.internal,author
26,Elizabeth Jones,elizabeth.jones@cms-portal.internal,admin
27,John Garcia,john.garcia@cms-portal.internal,admin
28,Linda Brown,linda.brown@cms-portal.internal,editor
29,Jennifer Davis,jennifer.davis@cms-portal.internal,contributor
30,Linda Williams,linda.williams@cms-portal.internal,editor
31,Mary Williams,mary.williams@cms-portal.internal,author
32,Linda Garcia,linda.garcia@cms-portal.internal,editor
33,Patricia Martinez,patricia.martinez@cms-portal.internal,editor
34,John Brown,john.brown@cms-portal.internal,admin
35,James Martinez,james.martinez@cms-portal.internal,admin
36,James Johnson,james.johnson@cms-portal.internal,admin
37,Elizabeth Martinez,elizabeth.martinez@cms-portal.internal,admin
38,Jennifer Miller,jennifer.miller@cms-portal.internal,contributor
39,Jennifer Garcia,jennifer.garcia@cms-portal.internal,admin
40,William Williams,william.williams@cms-portal.internal,contributor
41,William Miller,william.miller@cms-portal.internal,editor
42,Linda Garcia,linda.garcia@cms-portal.internal,contributor
43,John Williams,john.williams@cms-portal.internal,contributor
44,Jennifer Martinez,jennifer.martinez@cms-portal.internal,editor
45,Jennifer Davis,jennifer.davis@cms-portal.internal,author
46,John Williams,john.williams@cms-portal.internal,admin
47,Jennifer Johnson,jennifer.johnson@cms-portal.internal,author
48,Robert Martinez,robert.martinez@cms-portal.internal,contributor
49,Elizabeth Martinez,elizabeth.martinez@cms-portal.internal,author
50,John Miller,john.miller@cms-portal.internal,author
51,Elizabeth Jones,elizabeth.jones@cms-portal.internal,admin
52,William Johnson,william.johnson@cms-portal.internal,admin
53,Michael Jones,michael.jones@cms-portal.internal,author
54,Mary Williams,mary.williams@cms-portal.internal,contributor
55,Elizabeth Garcia,elizabeth.garcia@cms-portal.internal,admin
56,Mary Miller,mary.miller@cms-portal.internal,author
57,Mary Davis,mary.davis@cms-portal.internal,admin
58,Elizabeth Smith,elizabeth.smith@cms-portal.internal,contributor
59,Mary Miller,mary.miller@cms-portal.internal,contributor
60,William Brown,william.brown@cms-portal.internal,author
61,John Rodriguez,john.rodriguez@cms-portal.internal,author
62,Jennifer Rodriguez,jennifer.rodriguez@cms-portal.internal,admin
63,Robert Martinez,robert.martinez@cms-portal.internal,contributor
64,Mary Davis,mary.davis@cms-portal.internal,editor
65,William Smith,william.smith@cms-portal.internal,editor
66,Linda Martinez,linda.martinez@cms-portal.internal,author
67,Jennifer Brown,jennifer.brown@cms-portal.internal,editor
68,Elizabeth Jones,elizabeth.jones@cms-portal.internal,author
69,Elizabeth Williams,elizabeth.williams@cms-portal.internal,admin
70,Linda Davis,linda.davis@cms-portal.internal,editor
71,William Jones,william.jones@cms-portal.internal,contributor
72,Robert Garcia,robert.garcia@cms-portal.internal,admin
73,Michael Davis,michael.davis@cms-portal.internal,author
74,Jennifer Rodriguez,jennifer.rodriguez@cms-portal.internal,editor
75,Elizabeth Davis,elizabeth.davis@cms-portal.internal,editor
76,Linda Williams,linda.williams@cms-portal.internal,admin
77,James Johnson,james.johnson@cms-portal.internal,admin
78,John Williams,john.williams@cms-portal.internal,admin
79,Elizabeth Johnson,elizabeth.johnson@cms-portal.internal,admin
80,Elizabeth Brown,elizabeth.brown@cms-portal.internal,editor
81,John Miller,john.miller@cms-portal.internal,author
82,Robert Rodriguez,robert.rodriguez@cms-portal.internal,contributor
83,Elizabeth Garcia,elizabeth.garcia@cms-portal.internal,author
84,Jennifer Jones,jennifer.jones@cms-portal.internal,author
85,Patricia Rodriguez,patricia.rodriguez@cms-portal.internal,admin
86,Robert Miller,robert.miller@cms-portal.internal,author
87,Patricia Smith,patricia.smith@cms-portal.internal,admin
88,William Garcia,william.garcia@cms-portal.internal,editor
89,Jennifer Brown,jennifer.brown@cms-portal.internal,editor
90,Patricia Martinez,patricia.martinez@cms-portal.internal,admin
91,Robert Johnson,robert.johnson@cms-portal.internal,admin
92,Mary Brown,mary.brown@cms-portal.internal,admin
93,William Miller,william.miller@cms-portal.internal,author
94,William Smith,william.smith@cms-portal.internal,admin
95,Elizabeth Williams,elizabeth.williams@cms-portal.internal,author
96,James Miller,james.miller@cms-portal.internal,contributor
97,James Jones,james.jones@cms-portal.internal,author
98,Linda Miller,linda.miller@cms-portal.internal,admin
99,Michael Garcia,michael.garcia@cms-portal.internal,admin
100,Elizabeth Williams,elizabeth.williams@cms-portal.internal,editor
101,John Brown,john.brown@cms-portal.internal,author
102,Robert Davis,robert.davis@cms-portal.internal,contributor
103,Jennifer Williams,jennifer.williams@cms-portal.internal,editor
104,Linda Williams,linda.williams@cms-portal.internal,contributor
105,Robert Davis,robert.davis@cms-portal.internal,editor
106,James Martinez,james.martinez@cms-portal.internal,author
107,James Rodriguez,james.rodriguez@cms-portal.internal,author
108,Linda Martinez,linda.martinez@cms-portal.internal,editor
109,Michael Brown,michael.brown@cms-portal.internal,contributor
110,Patricia Williams,patricia.williams@cms-portal.internal,contributor
111,Robert Davis,robert.davis@cms-portal.internal,admin
112,Mary Johnson,mary.johnson@cms-portal.internal,contributor
113,Patricia Rodriguez,patricia.rodriguez@cms-portal.internal,admin
114,Mary Johnson,mary.johnson@cms-portal.internal,editor
115,Michael Smith,michael.smith@cms-portal.internal,editor
116,John Davis,john.davis@cms-portal.internal,admin
117,John Brown,john.brown@cms-portal.internal,admin
118,James Garcia,james.garcia@cms-portal.internal,author
119,Michael Martinez,michael.martinez@cms-portal.internal,contributor
120,Michael Davis,michael.davis@cms-portal.internal,editor
121,Robert Williams,robert.williams@cms-portal.internal,contributor
122,Linda Williams,linda.williams@cms-portal.internal,admin
123,Michael Johnson,michael.johnson@cms-portal.internal,admin
124,Michael Miller,michael.miller@cms-portal.internal,admin
125,Jennifer Williams,jennifer.williams@cms-portal.internal,author
126,James Rodriguez,james.rodriguez@cms-portal.internal,author
127,Jennifer Jones,jennifer.jones@cms-portal.internal,contributor
128,John Jones,john.jones@cms-portal.internal,admin
129,Patricia Davis,patricia.davis@cms-portal.internal,author
130,James Brown,james.brown@cms-portal.internal,author
131,James Jones,james.jones@cms-portal.internal,author
132,Linda Brown,linda.brown@cms-portal.internal,admin
133,Robert Martinez,robert.martinez@cms-portal.internal,admin
134,Linda Jones,linda.jones@cms-portal.internal,author
135,Michael Jones,michael.jones@cms-portal.internal,admin
136,Patricia Williams,patricia.williams@cms-portal.internal,contributor
137,William Davis,william.davis@cms-portal.internal,editor
138,Robert Jones,robert.jones@cms-portal.internal,editor
139,Patricia Brown,patricia.brown@cms-portal.internal,author
140,Mary Miller,mary.miller@cms-portal.internal,admin
141,James Williams,james.williams@cms-portal.internal,author
142,Jennifer Rodriguez,jennifer.rodriguez@cms-portal.internal,admin
143,Patricia Williams,patricia.williams@cms-portal.internal,admin
144,James Williams,james.williams@cms-portal.internal,author
145,Patricia Williams,patricia.williams@cms-portal.internal,contributor
146,James Garcia,james.garcia@cms-portal.internal,admin
147,Michael Smith,michael.smith@cms-portal.internal,author
148,John Smith,john.smith@cms-portal.internal,contributor
149,Patricia Johnson,patricia.johnson@cms-portal.internal,editor
150,Linda Martinez,linda.martinez@cms-portal.internal,editor
151,Michael Smith,michael.smith@cms-portal.internal,author
152,Linda Garcia,linda.garcia@cms-portal.internal,contributor
153,James Miller,james.miller@cms-portal.internal,admin
154,Linda Martinez,linda.martinez@cms-portal.internal,author
155,Linda Davis,linda.davis@cms-portal.internal,contributor
156,Mary Johnson,mary.johnson@cms-portal.internal,author
157,Jennifer Smith,jennifer.smith@cms-portal.internal,editor
158,John Smith,john.smith@cms-portal.internal,admin
159,William Brown,william.brown@cms-portal.internal,admin
160,Robert Rodriguez,robert.rodriguez@cms-portal.internal,contributor
161,Elizabeth Williams,elizabeth.williams@cms-portal.internal,author
162,William Miller,william.miller@cms-portal.internal,author
163,James Johnson,james.johnson@cms-portal.internal,author
164,Patricia Williams,patricia.williams@cms-portal.internal,admin
165,John Williams,john.williams@cms-portal.internal,admin
166,John Davis,john.davis@cms-portal.internal,contributor
167,Mary Miller,mary.miller@cms-portal.internal,admin
168,Mary Miller,mary.miller@cms-portal.internal,author
169,John Miller,john.miller@cms-portal.internal,editor
170,Robert Smith,robert.smith@cms-portal.internal,contributor
171,Robert Rodriguez,robert.rodriguez@cms-portal.internal,contributor
172,Jennifer Miller,jennifer.miller@cms-portal.internal,editor
173,Linda Garcia,linda.garcia@cms-portal.internal,editor
174,William Smith,william.smith@cms-portal.internal,author
175,Patricia Garcia,patricia.garcia@cms-portal.internal,author
176,John Jones,john.jones@cms-portal.internal,author
177,Michael Williams,michael.williams@cms-portal.internal,editor
178,William Williams,william.williams@cms-portal.internal,editor
179,John Brown,john.brown@cms-portal.internal,editor
180,Mary Smith,mary.smith@cms-portal.internal,editor
181,Jennifer Smith,jennifer.smith@cms-portal.internal,contributor
182,Michael Miller,michael.miller@cms-portal.internal,author
183,Mary Jones,mary.jones@cms-portal.internal,contributor
184,William Jones,william.jones@cms-portal.internal,editor
185,Mary Brown,mary.brown@cms-portal.internal,contributor
186,William Smith,william.smith@cms-portal.internal,author
187,Michael Miller,michael.miller@cms-portal.internal,admin
188,Patricia Martinez,patricia.martinez@cms-portal.internal,contributor
189,Jennifer Miller,jennifer.miller@cms-portal.internal,editor
190,Robert Martinez,robert.martinez@cms-portal.internal,editor
191,James Williams,james.williams@cms-portal.internal,contributor
192,Linda Johnson,linda.johnson@cms-portal.internal,author
193,Robert Williams,robert.williams@cms-portal.internal,admin
194,Jennifer Miller,jennifer.miller@cms-portal.internal,author
195,Linda Jones,linda.jones@cms-portal.internal,editor
196,James Garcia,james.garcia@cms-portal.internal,admin
197,Linda Jones,linda.jones@cms-portal.internal,author
198,Linda Miller,linda.miller@cms-portal.internal,admin
199,Robert Davis,robert.davis@cms-portal.internal,admin
200,Linda Johnson,linda.johnson@cms-portal.internal,author
201,Patricia Jones,patricia.jones@cms-portal.internal,editor
202,John Jones,john.jones@cms-portal.internal,contributor
203,Jennifer Rodriguez,jennifer.rodriguez@cms-portal.internal,admin
204,William Smith,william.smith@cms-portal.internal,author
205,Linda Rodriguez,linda.rodriguez@cms-portal.internal,admin
206,Robert Johnson,robert.johnson@cms-portal.internal,author
207,Linda Martinez,linda.martinez@cms-portal.internal,editor
208,Jennifer Smith,jennifer.smith@cms-portal.internal,editor
209,Michael Garcia,michael.garcia@cms-portal.internal,admin
210,Elizabeth Miller,elizabeth.miller@cms-portal.internal,editor
211,Patricia Brown,patricia.brown@cms-portal.internal,author
212,William Brown,william.brown@cms-portal.internal,admin
213,Mary Williams,mary.williams@cms-portal.internal,author
214,James Williams,james.williams@cms-portal.internal,admin
215,Michael Williams,michael.williams@cms-portal.internal,contributor
216,William Smith,william.smith@cms-portal.internal,editor
217,Linda Jones,linda.jones@cms-portal.internal,contributor
218,Jennifer Rodriguez,jennifer.rodriguez@cms-portal.internal,admin
219,Robert Rodriguez,robert.rodriguez@cms-portal.internal,contributor
220,John Brown,john.brown@cms-portal.internal,editor
221,William Davis,william.davis@cms-portal.internal,editor
222,Linda Martinez,linda.martinez@cms-portal.internal,admin
223,Robert Garcia,robert.garcia@cms-portal.internal,author
224,James Davis,james.davis@cms-portal.internal,editor
225,Jennifer Miller,jennifer.miller@cms-portal.internal,contributor
226,Robert Davis,robert.davis@cms-portal.internal,editor
227,Elizabeth Brown,elizabeth.brown@cms-portal.internal,contributor
228,Patricia Martinez,patricia.martinez@cms-portal.internal,editor
229,Robert Miller,robert.miller@cms-portal.internal,contributor
230,Mary Jones,mary.jones@cms-portal.internal,admin
231,Linda Smith,linda.smith@cms-portal.internal,contributor
232,Patricia Miller,patricia.miller@cms-portal.internal,contributor
233,Patricia Garcia,patricia.garcia@cms-portal.internal,editor
234,James Martinez,james.martinez@cms-portal.internal,author
235,Linda Johnson,linda.johnson@cms-portal.internal,author
236,Linda Garcia,linda.garcia@cms-portal.internal,author
237,Linda Johnson,linda.johnson@cms-portal.internal,contributor
238,Jennifer Rodriguez,jennifer.rodriguez@cms-portal.internal,admin
239,John Garcia,john.garcia@cms-portal.internal,author
240,Jennifer Garcia,jennifer.garcia@cms-portal.internal,editor
241,William Smith,william.smith@cms-portal.internal,author
242,Elizabeth Brown,elizabeth.brown@cms-portal.internal,author
243,James Williams,james.williams@cms-portal.internal,editor
244,Mary Williams,mary.williams@cms-portal.internal,editor
245,Elizabeth Martinez,elizabeth.martinez@cms-portal.internal,editor
246,Jennifer Martinez,jennifer.martinez@cms-portal.internal,author
247,Jennifer Martinez,jennifer.martinez@cms-portal.internal,author
248,Elizabeth Garcia,elizabeth.garcia@cms-portal.internal,contributor
249,William Miller,william.miller@cms-portal.internal,admin
250,Patricia Jones,patricia.jones@cms-portal.internal,editor
251,Robert Rodriguez,robert.rodriguez@cms-portal.internal,admin
252,Michael Williams,michael.williams@cms-portal.internal,editor
253,Mary Davis,mary.davis@cms-portal.internal,editor
254,Jennifer Smith,jennifer.smith@cms-portal.internal,contributor
255,William Smith,william.smith@cms-portal.internal,editor
256,Linda Jones,linda.jones@cms-portal.internal,contributor
257,William Brown,william.brown@cms-portal.internal,contributor
258,William Johnson,william.johnson@cms-portal.internal,contributor
259,John Davis,john.davis@cms-portal.internal,author
260,Jennifer Williams,jennifer.williams@cms-portal.internal,contributor
261,Jennifer Jones,jennifer.jones@cms-portal.internal,contributor
262,Jennifer Brown,jennifer.brown@cms-portal.internal,editor
263,Michael Martinez,michael.martinez@cms-portal.internal,editor
264,Linda Brown,linda.brown@cms-portal.internal,contributor
265,Patricia Brown,patricia.brown@cms-portal.internal,contributor
266,Michael Williams,michael.williams@cms-portal.internal,contributor
267,Elizabeth Williams,elizabeth.williams@cms-portal.internal,contributor
268,Elizabeth Martinez,elizabeth.martinez@cms-portal.internal,contributor
269,Michael Martinez,michael.martinez@cms-portal.internal,author
270,Linda Johnson,linda.johnson@cms-portal.internal,editor
271,Linda Davis,linda.davis@cms-portal.internal,admin
272,Elizabeth Johnson,elizabeth.johnson@cms-portal.internal,editor
273,James Johnson,james.johnson@cms-portal.internal,author
274,John Martinez,john.martinez@cms-portal.internal,contributor
275,Linda Garcia,linda.garcia@cms-portal.internal,author
276,William Davis,william.davis@cms-portal.internal,contributor
277,Linda Brown,linda.brown@cms-portal.internal,author
278,William Johnson,william.johnson@cms-portal.internal,contributor
279,Mary Johnson,mary.johnson@cms-portal.internal,author
280,James Davis,james.davis@cms-portal.internal,admin
281,William Davis,william.davis@cms-portal.internal,editor
282,John Davis,john.davis@cms-portal.internal,contributor
283,Mary Garcia,mary.garcia@cms-portal.internal,author
284,Linda Davis,linda.davis@cms-portal.internal,contributor
285,John Martinez,john.martinez@cms-portal.internal,contributor
286,James Martinez,james.martinez@cms-portal.internal,contributor
287,Robert Jones,robert.jones@cms-portal.internal,contributor
288,Jennifer Garcia,jennifer.garcia@cms-portal.internal,admin
289,Elizabeth Miller,elizabeth.miller@cms-portal.internal,contributor
290,Mary Martinez,mary.martinez@cms-portal.internal,editor
291,Michael Miller,michael.miller@cms-portal.internal,author
292,Jennifer Brown,jennifer.brown@cms-portal.internal,author
293,William Williams,william.williams@cms-portal.internal,editor
294,Michael Johnson,michael.johnson@cms-portal.internal,editor
295,Linda Johnson,linda.johnson@cms-portal.internal,admin
296,Jennifer Davis,jennifer.davis@cms-portal.internal,admin
297,Mary Smith,mary.smith@cms-portal.internal,contributor
298,Mary Davis,mary.davis@cms-portal.internal,author
299,Michael Brown,michael.brown@cms-portal.internal,editor
300,Michael Garcia,michael.garcia@cms-portal.internal,contributor
301,Jennifer Brown,jennifer.brown@cms-portal.internal,editor
302,Linda Smith,linda.smith@cms-portal.internal,admin
303,Mary Davis,mary.davis@cms-portal.internal,admin
304,John Rodriguez,john.rodriguez@cms-portal.internal,admin
305,James Jones,james.jones@cms-portal.internal,contributor
306,Patricia Brown,patricia.brown@cms-portal.internal,admin
307,John Brown,john.brown@cms-portal.internal,admin
308,Patricia Smith,patricia.smith@cms-portal.internal,admin
309,Linda Rodriguez,linda.rodriguez@cms-portal.internal,contributor
310,James Johnson,james.johnson@cms-portal.internal,contributor
311,John Johnson,john.johnson@cms-portal.internal,author
312,John Garcia,john.garcia@cms-portal.internal,author
313,Jennifer Martinez,jennifer.martinez@cms-portal.internal,admin
314,Elizabeth Martinez,elizabeth.martinez@cms-portal.internal,editor
315,William Smith,william.smith@cms-portal.internal,author
316,Robert Garcia,robert.garcia@cms-portal.internal,contributor
317,Linda Williams,linda.williams@cms-portal.internal,admin
318,Elizabeth Rodriguez,elizabeth.rodriguez@cms-portal.internal,author
319,James Rodriguez,james.rodriguez@cms-portal.internal,editor
320,James Garcia,james.garcia@cms-portal.internal,admin
321,Michael Jones,michael.jones@cms-portal.internal,admin
322,Elizabeth Martinez,elizabeth.martinez@cms-portal.internal,author
323,James Martinez,james.martinez@cms-portal.internal,editor
324,William Williams,william.williams@cms-portal.internal,author
325,William Davis,william.davis@cms-portal.internal,author
326,Robert Jones,robert.jones@cms-portal.internal,contributor
327,Patricia Martinez,patricia.martinez@cms-portal.internal,admin
328,Patricia Williams,patricia.williams@cms-portal.internal,author
329,Robert Miller,robert.miller@cms-portal.internal,admin
330,Patricia Brown,patricia.brown@cms-portal.internal,editor
331,Michael Jones,michael.jones@cms-portal.internal,author
332,Robert Johnson,robert.johnson@cms-portal.internal,admin
333,Robert Johnson,robert.johnson@cms-portal.internal,editor
334,Elizabeth Miller,elizabeth.miller@cms-portal.internal,contributor
335,John Garcia,john.garcia@cms-portal.internal,author
336,Elizabeth Martinez,elizabeth.martinez@cms-portal.internal,contributor
337,Linda Miller,linda.miller@cms-portal.internal,editor
338,Patricia Smith,patricia.smith@cms-portal.internal,contributor
339,James Brown,james.brown@cms-portal.internal,contributor
340,Patricia Davis,patricia.davis@cms-portal.internal,admin
341,Mary Garcia,mary.garcia@cms-portal.internal,admin
342,Patricia Jones,patricia.jones@cms-portal.internal,contributor
343,William Brown,william.brown@cms-portal.internal,author
344,Michael Rodriguez,michael.rodriguez@cms-portal.internal,contributor
345,John Smith,john.smith@cms-portal.internal,contributor
346,Robert Davis,robert.davis@cms-portal.internal,author
347,Mary Smith,mary.smith@cms-portal.internal,admin
348,Mary Martinez,mary.martinez@cms-portal.internal,author
349,Jennifer Rodriguez,jennifer.rodriguez@cms-portal.internal,contributor
350,Linda Jones,linda.jones@cms-portal.internal,editor
351,Mary Davis,mary.davis@cms-portal.internal,admin
352,Elizabeth Miller,elizabeth.miller@cms-portal.internal,author
353,Linda Davis,linda.davis@cms-portal.internal,author
354,William Rodriguez,william.rodriguez@cms-portal.internal,admin
355,Robert Davis,robert.davis@cms-portal.internal,author
356,Michael Martinez,michael.martinez@cms-portal.internal,author
357,James Davis,james.davis@cms-portal.internal,editor
358,Jennifer Martinez,jennifer.martinez@cms-portal.internal,admin
359,James Garcia,james.garcia@cms-portal.internal,contributor
360,Patricia Johnson,patricia.johnson@cms-portal.internal,editor
361,Mary Jones,mary.jones@cms-portal.internal,author
362,James Smith,james.smith@cms-portal.internal,editor
363,Mary Brown,mary.brown@cms-portal.internal,author
364,Patricia Rodriguez,patricia.rodriguez@cms-portal.internal,author
365,Patricia Miller,patricia.miller@cms-portal.internal,editor
366,John Miller,john.miller@cms-portal.internal,editor
367,Jennifer Johnson,jennifer.johnson@cms-portal.internal,editor
368,Elizabeth Brown,elizabeth.brown@cms-portal.internal,contributor
369,Linda Martinez,linda.martinez@cms-portal.internal,admin
370,Patricia Johnson,patricia.johnson@cms-portal.internal,editor
371,William Jones,william.jones@cms-portal.internal,admin
372,James Johnson,james.johnson@cms-portal.internal,author
373,James Davis,james.davis@cms-portal.internal,author
374,Robert Jones,robert.jones@cms-portal.internal,admin
375,Jennifer Jones,jennifer.jones@cms-portal.internal,editor
376,John Jones,john.jones@cms-portal.internal,editor
377,Mary Johnson,mary.johnson@cms-portal.internal,editor
378,Patricia Rodriguez,patricia.rodriguez@cms-portal.internal,admin
379,Robert Jones,robert.jones@cms-portal.internal,admin
380,William Rodriguez,william.rodriguez@cms-portal.internal,editor
381,Patricia Martinez,patricia.martinez@cms-portal.internal,editor
382,Patricia Rodriguez,patricia.rodriguez@cms-portal.internal,contributor
383,James Smith,james.smith@cms-portal.internal,author
384,Jennifer Garcia,jennifer.garcia@cms-portal.internal,author
385,Patricia Rodriguez,patricia.rodriguez@cms-portal.internal,contributor
386,John Williams,john.williams@cms-portal.internal,author
387,John Rodriguez,john.rodriguez@cms-portal.internal,admin
388,Jennifer Brown,jennifer.brown@cms-portal.internal,editor
389,William Smith,william.smith@cms-portal.internal,contributor
390,Jennifer Williams,jennifer.williams@cms-portal.internal,author
391,Elizabeth Rodriguez,elizabeth.rodriguez@cms-portal.internal,admin
392,Linda Miller,linda.miller@cms-portal.internal,editor
393,Linda Martinez,linda.martinez@cms-portal.internal,contributor
394,Mary Miller,mary.miller@cms-portal.internal,editor
395,Patricia Garcia,patricia.garcia@cms-portal.internal,admin
396,Elizabeth Brown,elizabeth.brown@cms-portal.internal,admin
397,Linda Johnson,linda.johnson@cms-portal.internal,editor
398,Patricia Smith,patricia.smith@cms-portal.internal,author
399,Patricia Garcia,patricia.garcia@cms-portal.internal,author
400,John Brown,john.brown@cms-portal.internal,admin
